temp,weekday,cost,price,sales
25.8,1,0.3,7,230
22.7,3,0.5,4,190
33.7,7,1.0,5,237
23.0,4,0.5,5,193
24.4,1,1.0,3,252
30.3,7,0.5,9,191
20.4,1,1.0,7,222
21.6,6,1.0,8,188
24.8,6,0.5,8,192
22.7,3,0.5,6,189
19.2,3,0.5,4,181
23.2,2,0.3,6,179
22.6,7,1.0,7,213
26.4,5,0.3,7,197
17.3,5,1.0,4,187
21.2,7,1.5,3,235
28.6,1,1.0,3,254
31.4,4,0.5,3,223
18.0,2,1.0,4,175
26.6,3,1.5,9,213
20.1,7,0.3,3,236
20.6,7,1.5,4,234
20.5,1,0.5,5,236
22.3,3,0.3,10,198
28.0,6,1.0,10,221
26.8,6,0.5,7,200
24.2,3,0.3,8,188
22.5,4,0.3,10,195
24.0,4,0.5,8,200
23.6,2,1.0,10,199
27.2,4,0.3,4,201
21.5,1,1.0,6,243
24.0,2,1.0,10,213
23.6,2,1.0,6,192
23.8,5,1.5,10,211
25.0,2,1.5,4,209
24.8,6,0.5,7,194
29.3,6,1.5,5,208
23.7,2,0.3,6,191
30.2,6,0.3,8,205
22.8,1,1.5,3,251
22.1,3,0.3,3,194
24.4,2,1.0,6,189
25.4,5,0.3,10,201
25.1,4,0.3,5,191
29.2,1,0.5,4,255
28.6,7,1.5,9,173
26.0,5,0.5,4,199
22.7,4,1.0,8,188
23.6,3,0.3,3,202
29.7,3,1.0,10,224
24.9,5,1.0,8,198
18.8,2,0.3,10,178
21.2,4,1.5,4,191
21.7,4,0.5,7,179
28.6,4,1.0,7,204
23.6,4,0.5,5,181
33.0,7,1.0,8,190
26.6,7,0.5,7,221
24.5,7,1.0,4,242
22.3,6,1.5,5,192
27.9,1,1.5,9,168
23.0,7,0.3,6,232
20.7,7,0.3,8,210
26.3,7,0.5,6,241
24.1,6,1.0,5,196
28.8,1,1.5,9,173
23.7,5,1.5,9,211
12.6,5,0.3,5,161
27.2,1,0.3,8,214
16.5,3,0.3,5,172
30.2,6,1.0,4,210
31.3,4,1.5,7,221
22.3,1,0.3,10,183
19.3,6,0.3,7,173
18.4,4,1.0,6,177
27.5,2,1.5,4,214
23.2,7,1.5,3,258
21.6,1,1.5,6,233
23.0,2,0.3,6,182
32.4,6,1.0,4,215
25.4,4,0.5,8,188
27.0,4,0.3,8,208
27.1,2,0.3,5,199
28.1,3,0.5,9,209
28.2,4,1.0,10,229
21.2,5,0.3,3,198
23.1,4,1.0,8,184
21.0,7,1.0,10,174
21.2,5,0.5,8,190
28.6,7,0.3,7,218
22.0,1,0.3,5,249
23.7,1,0.5,8,207
21.2,5,0.5,7,183
21.6,1,0.5,8,220
27.2,1,1.0,4,247
22.2,6,0.3,9,185
22.1,4,0.3,7,174
26.0,4,1.5,6,208
26.0,2,0.5,7,202
27.2,7,1.0,3,248
24.7,5,0.3,3,187
17.0,3,1.5,10,189
26.5,3,0.3,9,200
26.0,5,0.3,8,195
28.1,6,1.0,6,197
20.6,7,1.5,3,256
34.1,7,1.5,7,208
19.1,1,0.5,6,247
26.9,6,1.5,9,221
24.2,6,1.0,7,195
22.1,4,0.5,6,187
27.3,4,0.5,9,204
22.9,4,0.3,3,201
14.7,7,0.5,8,214
19.3,3,0.3,9,177
25.8,5,1.0,10,212
33.0,3,0.3,3,218
18.1,5,1.0,5,177
23.9,6,0.3,7,185
29.8,4,0.5,7,211
26.4,6,0.5,9,194
22.5,3,0.5,10,193
18.3,5,0.5,6,173
16.9,5,1.5,6,169
21.0,1,1.0,10,177
22.5,4,0.5,6,172
15.0,3,1.5,10,173
17.2,1,0.5,5,247
25.2,2,1.5,7,198
22.4,5,0.3,9,184
21.0,5,0.5,5,183
22.4,6,1.0,9,203
20.7,3,0.3,6,172
27.7,2,0.5,4,200
30.6,7,0.5,6,232
32.3,7,0.5,4,254
26.8,1,1.0,9,196
27.0,5,1.0,6,197
29.9,4,1.5,5,219
31.0,4,1.0,6,211
29.9,1,0.5,9,192
28.8,7,0.5,5,246
21.5,7,0.3,4,244
17.6,4,0.5,9,162
27.5,5,0.5,10,208
23.6,2,0.3,4,193
23.8,4,1.5,6,199
20.4,4,0.5,5,179
18.8,5,1.0,10,186
29.6,2,1.0,7,205
25.9,3,1.0,6,199
19.7,1,1.5,9,191
25.6,7,0.5,8,209
25.2,4,1.5,10,204
26.1,6,1.5,4,207
32.9,5,1.5,5,216
23.9,3,0.3,6,184
18.9,2,1.0,3,194
24.1,3,0.5,7,186
21.4,5,0.3,6,176
26.2,2,1.5,7,197
24.8,7,0.5,4,242
25.4,1,0.5,4,242
21.7,1,0.5,3,245
25.7,6,1.0,4,212
22.0,6,0.3,10,181
26.1,4,0.3,8,198
22.8,6,0.5,5,188
19.5,3,1.5,5,181
26.0,5,0.5,8,199
21.2,2,0.3,7,182
29.8,6,0.5,4,199
25.8,4,1.5,5,195
25.9,3,0.5,9,189
24.4,5,0.5,3,205
23.8,3,1.5,9,198
14.5,6,1.5,10,179
28.9,3,0.3,8,196
20.7,7,1.5,4,244
27.8,5,1.5,7,207
21.4,7,0.5,3,256
23.4,6,1.5,9,207
23.1,5,0.3,6,180
19.8,1,0.5,4,244
23.3,7,1.5,6,231
25.9,3,0.3,6,197
22.3,3,1.5,4,189
18.9,2,0.5,4,178
21.7,1,0.3,9,200
25.0,4,0.5,10,201
28.6,5,1.0,9,221
27.3,7,0.5,5,235
25.1,1,0.3,4,251
20.0,2,1.0,9,196
27.6,1,1.0,7,213
24.1,7,1.0,3,244
23.0,1,1.0,7,220
27.6,5,0.3,5,194
26.5,4,0.3,5,195
26.0,1,0.5,3,252
19.4,4,1.0,7,185
21.6,5,0.3,6,180
17.2,2,0.3,5,168
24.8,2,0.3,6,185
24.1,3,0.5,8,187
27.7,3,0.5,3,213
24.8,7,1.0,7,217
22.5,7,0.3,9,213
32.4,2,1.0,9,223
19.9,3,0.3,3,195
18.7,3,0.3,7,173
21.6,7,1.5,4,244
26.1,4,0.3,8,189
22.6,3,0.3,5,185
22.2,5,1.0,4,198
19.5,5,0.5,8,175
29.9,2,0.3,8,206
21.5,4,0.5,9,173
19.7,7,0.5,10,196
23.5,3,0.3,3,197
20.8,7,0.5,9,190
23.1,6,0.3,6,194
29.3,3,1.0,10,218
22.2,4,0.3,8,177
23.8,5,1.0,5,188
22.5,3,0.3,3,199
23.2,6,0.3,8,184
27.3,2,1.5,6,204
26.1,2,0.3,9,201
22.6,7,1.5,4,243
20.3,1,1.0,8,212
23.5,1,0.5,3,252
27.3,5,1.0,9,209
23.9,7,1.5,8,201
23.5,4,0.3,10,203
16.8,2,1.0,4,194
28.0,2,1.0,3,201
18.0,7,1.5,10,172
18.9,7,0.3,7,232
22.5,4,1.0,4,196
24.1,5,1.0,5,195
24.2,1,0.5,4,237
20.9,3,0.3,3,196
22.7,2,1.0,6,195
21.6,2,0.3,4,191
16.8,2,1.0,3,193
23.0,1,0.3,7,236
21.2,7,1.5,5,234
25.7,2,0.3,8,191
23.4,3,1.0,9,197
27.9,3,0.5,10,212
26.8,5,0.3,8,191
27.6,2,0.5,3,214
28.8,1,1.5,5,237
26.8,7,0.5,6,235
23.3,5,0.3,10,183
29.4,3,1.0,3,209
20.3,2,0.3,7,167
23.9,7,0.5,9,200
27.4,6,0.5,6,198
22.9,5,0.5,3,205
26.9,1,1.0,7,224
20.8,5,0.5,6,175
21.8,4,1.0,7,188
26.2,4,0.5,4,193
26.8,1,0.5,6,236
28.8,4,1.5,3,219
23.7,2,1.5,6,197
25.2,1,1.5,3,244
26.5,2,1.5,8,212
25.9,7,1.0,9,188
18.8,3,1.5,5,185
21.7,6,0.5,5,189
29.8,6,0.3,10,226
19.0,6,0.3,6,167
26.5,4,1.0,7,204
22.3,5,0.3,3,194
28.0,3,0.3,3,208
20.9,7,0.3,7,221
24.2,7,1.5,5,240
15.9,4,1.0,5,182
23.8,7,1.5,8,208
28.3,3,1.5,9,225
18.0,7,0.5,3,232
28.7,5,0.5,8,199
21.1,6,0.5,10,193
23.8,2,1.5,8,189
12.9,2,0.5,8,155
28.3,5,0.3,9,199
20.5,6,1.0,7,182
21.8,1,1.5,5,238
18.9,7,0.3,7,227
20.0,4,0.5,4,185
28.6,4,0.5,8,211
22.0,6,0.3,8,184
27.6,1,0.3,6,235
23.3,5,0.3,6,184
25.4,6,1.0,10,219
22.0,6,0.5,4,191
25.7,3,0.5,8,191
34.4,2,1.5,8,240
26.6,1,1.5,6,218
26.0,6,0.3,5,194
22.1,1,1.0,10,195
28.0,1,0.5,5,241
29.4,3,0.5,10,222
17.2,6,1.5,3,182
18.5,3,1.0,9,181
32.4,2,1.5,7,223
25.7,2,0.3,7,187
24.5,7,1.5,6,227
26.3,7,1.0,5,247
28.4,4,0.3,7,194
27.2,2,1.0,10,216
23.1,2,1.5,5,197
32.3,6,1.5,3,220
24.1,7,1.0,7,220
20.5,1,1.0,5,234
21.8,5,1.5,8,183
23.5,7,1.0,4,242
22.5,2,0.5,7,185
23.2,1,0.3,5,235
25.3,5,1.0,5,199
10.9,2,0.5,6,149
20.9,1,0.3,3,245
27.8,3,0.3,10,211
26.3,5,1.5,8,202
21.3,5,1.0,6,184
21.5,7,0.5,10,187
28.6,2,0.3,10,204
23.0,2,0.5,9,186
21.9,3,0.3,9,179
31.4,3,0.5,6,208
22.5,1,0.3,6,242
26.7,3,0.3,9,206
23.8,1,1.5,7,212
24.2,4,1.5,5,196
20.2,6,0.3,7,171
20.7,7,1.5,5,235
29.0,5,1.5,6,201
19.4,6,0.5,7,173
25.1,2,1.0,4,199
19.2,5,0.3,5,181
23.0,6,0.5,4,202
23.9,5,1.5,5,199
17.5,1,1.5,6,227
28.5,3,1.5,8,213
23.3,3,1.5,3,195
28.9,5,1.0,7,206
20.3,1,1.5,9,193
27.6,1,1.0,8,203
33.3,6,1.5,6,235
24.9,4,1.5,8,204
21.4,2,1.0,5,185
25.9,1,1.5,9,177
24.6,7,1.5,5,232
23.2,2,0.3,10,193
23.5,7,1.0,9,189
21.7,2,1.0,6,192
25.7,4,0.5,3,198
22.5,3,0.3,4,188
20.6,2,1.0,8,180
27.3,7,0.5,10,174
23.3,6,0.5,6,178
34.6,1,0.5,8,205
23.0,3,0.3,6,184
21.1,3,0.5,4,183
21.8,2,0.5,8,178
25.5,7,0.5,9,198
21.2,2,0.3,3,186
18.9,1,1.0,8,200
30.6,3,1.5,6,216
19.0,5,0.5,8,180
30.1,4,0.3,4,201
24.6,3,0.5,10,196
19.8,2,0.3,4,185
30.7,3,0.3,10,221
23.2,1,1.5,3,254
20.0,2,1.5,9,188
24.3,4,0.5,3,201
29.1,1,1.0,4,241
26.7,1,1.0,8,202
27.3,1,0.5,4,248
31.0,6,1.5,3,215
24.9,7,0.3,4,256
25.5,1,0.5,7,226
23.1,6,0.5,9,192
18.2,3,0.3,10,170
23.4,2,1.0,4,202
30.5,5,1.5,8,218
17.1,3,0.3,5,175
29.4,2,0.3,5,200
25.0,1,1.5,9,188
20.4,2,0.3,6,176
24.3,3,1.0,5,191
31.1,6,1.0,10,231
21.7,7,1.0,7,220
27.2,2,0.5,4,210
28.5,4,0.3,3,205
20.4,4,1.5,8,192
26.5,7,1.5,4,239
26.1,3,1.5,6,205
22.1,5,1.0,5,187
26.7,6,0.3,3,201
22.6,1,1.0,10,172
21.7,6,1.5,7,188
19.1,3,1.5,9,199
25.5,5,0.5,6,198
22.3,2,0.3,9,184
21.8,3,1.0,6,188
19.4,5,0.5,8,174
18.5,5,0.5,8,172
20.8,2,0.3,9,170
26.9,5,1.5,3,207
20.7,6,1.5,5,195
29.8,7,1.5,9,183
25.6,2,1.0,3,213
24.6,6,0.5,6,193
19.2,7,0.5,5,243
31.8,5,1.5,9,228
18.2,5,1.5,8,180
26.1,5,1.5,4,206
30.8,6,0.5,4,206
23.2,3,1.5,4,204
21.3,4,1.0,6,180
23.9,7,1.5,7,220
27.7,3,0.5,9,211
29.4,6,1.0,8,216
26.4,1,0.5,5,244
19.7,2,0.5,5,172
21.3,3,1.0,8,188
24.8,1,1.5,9,180
18.9,5,1.0,3,202
23.0,7,1.5,9,189
33.0,4,0.5,9,230
19.8,4,1.5,7,176
28.6,7,1.5,6,219
20.3,5,1.5,3,196
22.6,1,1.5,6,224
23.7,6,1.5,8,198
18.0,4,1.0,6,165
23.6,3,0.3,4,186
29.2,1,0.5,7,226
26.9,7,1.5,4,252
26.8,2,1.5,5,210
20.8,4,0.3,4,193
23.4,1,0.3,4,244
24.8,5,1.0,3,202
26.7,2,1.0,7,194
29.4,1,0.3,3,248
20.0,7,1.5,4,246
30.8,5,1.0,6,206
22.9,7,1.0,7,224
23.0,1,1.5,3,245
19.2,7,1.0,6,229
23.7,1,0.5,8,207
23.1,7,1.5,5,236
19.1,1,0.5,7,230
22.8,7,1.0,7,216
24.5,5,1.5,9,208
22.4,7,1.5,7,203
27.1,1,0.5,6,230
19.9,7,0.5,5,247
27.6,2,0.5,9,203
23.3,5,1.0,10,202
25.5,5,1.5,3,209
16.6,1,1.5,9,196
24.5,7,0.5,7,233
23.8,2,1.0,8,192
27.7,5,1.0,8,206
19.3,4,0.3,8,168
29.5,6,0.5,6,196
19.7,3,1.5,6,185
29.3,6,1.0,7,206
26.3,2,1.5,6,201
21.0,6,0.3,4,186
32.7,6,1.5,7,220
19.2,4,1.5,4,184
23.3,2,1.5,3,201
24.8,7,1.5,3,249
26.1,7,1.0,8,198
24.9,1,1.5,5,230
27.2,6,1.0,9,210
25.8,2,0.5,10,204
24.1,1,1.0,6,228
20.3,3,0.5,4,183
22.6,5,0.5,6,171
27.6,2,0.5,5,204
19.3,2,1.5,10,192
24.4,6,0.5,4,188
15.8,7,0.3,10,201
21.2,5,0.5,6,181
17.5,6,1.5,7,180
29.0,3,1.0,10,232
16.7,7,0.3,10,195
23.0,5,0.5,8,176
26.9,7,0.3,10,187
26.4,4,1.5,4,202
27.1,4,0.3,5,200
28.2,7,1.5,3,249
25.9,7,0.5,8,209
27.3,5,1.5,7,205
23.8,7,1.5,6,224
23.9,7,1.5,7,221
17.0,5,1.5,3,195
24.7,1,1.0,4,252
29.1,1,0.3,9,199
21.0,3,1.0,6,183
19.3,6,1.5,4,181
24.4,7,1.0,3,242
28.5,4,0.3,6,200
28.8,4,1.5,3,216
18.0,6,0.5,5,172
25.8,4,0.3,5,195
21.4,4,0.3,5,174
25.1,5,0.5,3,206
15.0,4,1.5,7,164
27.7,7,1.5,7,226
22.4,1,0.5,4,252
24.8,7,0.5,4,252
23.3,2,0.3,6,183
19.9,3,1.5,8,186
26.1,4,1.0,8,201
22.1,3,1.0,6,176
21.2,7,1.0,5,236
26.6,3,1.5,4,202
23.7,2,0.5,7,187
21.2,5,0.5,10,192
27.8,7,1.5,8,199
21.6,4,1.5,3,192
23.9,4,0.5,9,192
26.9,3,1.0,8,204
27.8,2,1.5,4,206
28.8,7,0.3,9,199
30.6,7,0.3,10,180
24.2,1,1.0,5,233
20.8,5,0.3,5,178
30.6,7,1.5,9,185
29.6,4,1.0,4,209
22.8,7,0.3,7,219
26.8,7,0.3,6,233
22.5,1,0.3,10,184
17.8,7,1.0,5,235
28.2,4,0.3,9,198
25.4,7,1.5,8,203
24.5,3,1.5,6,196
30.8,4,0.5,7,206
29.7,1,0.5,3,252
21.4,6,1.0,8,193
19.6,6,0.3,7,177
16.4,5,0.3,8,155
24.0,1,0.5,9,203
22.5,6,0.3,10,192
25.5,3,0.3,8,190
24.1,6,0.3,8,185
21.4,3,0.5,8,177
22.4,4,1.5,8,202
17.8,3,0.3,10,167
28.9,1,0.5,10,171
21.9,4,1.5,6,195
26.4,1,0.3,6,232
21.4,2,0.5,3,198
24.3,6,0.3,8,190
26.5,7,1.5,3,247
22.9,2,1.5,3,207
20.7,5,0.5,4,185
33.3,7,0.5,3,258
23.2,7,0.3,5,247
26.3,6,1.0,4,196
23.7,6,1.5,6,201
20.9,2,1.0,9,190
29.3,6,1.5,6,213
25.6,1,0.3,3,259
25.4,6,0.3,3,185
14.9,7,1.5,9,196
25.1,7,1.5,5,234
27.4,6,0.3,6,195
25.1,6,0.3,5,197
23.4,5,0.3,3,188
28.8,5,0.5,3,209
25.0,3,1.0,4,203
26.3,2,0.5,6,195
28.1,3,0.3,6,196
28.0,4,1.0,7,202
18.7,6,1.0,9,181
25.3,5,1.5,4,199
21.0,5,1.5,10,209
16.0,6,1.0,4,175
25.1,7,0.3,5,245
17.0,7,0.3,6,237
22.1,1,1.5,8,199
14.0,7,1.5,6,222
19.9,2,1.0,9,183
22.1,1,0.5,6,241
24.0,1,1.0,3,258
21.8,6,1.0,7,185
20.3,1,1.5,7,217
20.4,5,0.5,5,173
30.1,7,1.5,10,161
22.1,5,0.5,10,186
23.6,5,1.0,6,189
31.5,7,1.0,7,216
17.0,7,0.3,9,211
15.7,7,1.5,5,230
19.9,5,1.5,5,187
22.4,3,1.5,5,197
19.4,3,1.5,10,196
23.8,4,1.5,4,201
23.6,3,1.5,8,193
17.8,6,0.3,10,168
24.6,7,1.0,8,209
18.3,2,0.5,6,175
26.8,6,0.3,3,204
24.9,6,0.3,3,201
32.7,3,0.5,7,216
27.3,1,0.3,9,191
23.2,7,0.3,6,247
25.3,2,0.5,7,185
24.6,2,0.3,9,190
21.0,1,1.5,5,240
18.2,5,1.5,10,185
28.4,7,0.3,10,184
30.0,7,1.0,4,242
22.1,5,1.5,10,208
22.9,2,1.5,6,184
22.0,7,1.0,6,231
28.0,3,0.3,8,194
28.8,4,1.5,5,211
20.5,1,0.3,3,249
22.6,3,1.5,5,189
21.8,2,1.0,9,201
24.8,3,0.3,9,202
27.1,7,1.0,4,250
28.3,4,0.3,9,204
22.9,1,1.5,8,203
20.0,7,1.5,8,199
26.1,6,0.3,7,189
26.4,1,1.5,8,202
22.6,6,1.5,3,195
24.7,1,0.5,4,252
25.4,3,0.3,3,198
27.5,4,1.0,6,206
24.3,4,0.3,6,190
25.9,6,1.0,10,224
24.7,3,1.5,7,197
20.1,3,0.5,4,175
26.8,3,0.5,9,206
24.4,7,1.5,6,223
28.2,2,1.0,8,212
19.3,5,0.5,3,193
21.2,1,1.0,7,229
25.3,2,1.5,3,214
17.1,6,0.3,9,176
23.5,2,1.0,4,184
22.2,5,1.0,8,197
22.3,4,0.5,7,175
23.0,5,1.0,10,201
15.1,5,0.5,5,163
24.2,3,0.5,3,199
24.3,5,1.0,7,190
28.2,2,0.5,4,207
29.8,1,1.0,10,170
25.4,1,1.5,4,241
27.7,5,1.0,4,209
14.4,2,1.0,6,165
26.2,3,1.5,8,215
28.4,6,1.0,9,202
27.5,4,0.5,4,195
24.9,7,0.3,8,215
22.6,2,1.5,8,198
22.5,5,0.3,4,187
24.1,1,0.3,8,222
25.7,3,0.5,4,197
26.3,5,0.3,7,194
23.6,6,1.5,10,203
19.0,5,0.5,7,178
31.3,2,0.5,3,219
20.5,2,0.3,3,190
13.3,6,1.0,9,164
29.7,5,0.3,6,201
28.1,2,1.5,3,218
24.8,4,0.5,5,196
27.9,3,1.5,10,228
25.8,5,0.5,7,189
20.7,2,0.3,10,187
24.5,1,1.0,9,185
19.1,5,0.3,4,182
21.4,1,1.5,9,185
20.5,5,0.5,6,174
24.6,3,0.3,7,184
28.3,1,1.5,3,258
21.4,4,1.0,5,189
25.8,4,1.5,4,201
15.5,4,1.5,6,166
19.7,4,1.0,3,199
26.1,3,0.5,6,192
27.8,2,0.5,9,210
27.8,3,0.5,3,216
28.3,6,0.5,6,205
17.4,6,0.3,4,196
21.9,7,1.0,3,245
13.7,3,1.0,4,172
23.4,6,1.5,3,202
24.9,7,0.3,8,216
22.6,7,1.0,10,175
20.3,5,0.3,8,176
25.7,6,1.5,5,206
26.1,6,1.0,4,212
24.5,4,1.5,6,193
21.6,3,0.5,10,180
24.2,1,1.0,8,209
24.3,4,1.5,4,197
25.1,4,0.3,5,193
26.5,2,1.5,8,202
23.9,7,0.3,8,215
18.2,2,1.5,8,187
22.9,2,0.3,4,187
25.5,2,0.5,9,192
22.2,7,0.5,7,228
24.9,5,0.3,7,190
21.3,2,0.3,8,175
29.4,6,1.0,8,210
25.6,5,0.3,4,194
24.6,1,1.5,9,187
27.0,5,1.0,7,206
27.1,4,0.5,4,207
24.4,7,1.0,9,193
28.0,3,1.0,3,213
26.6,4,0.5,5,190
24.9,2,1.0,3,201
24.0,4,1.0,9,199
19.6,5,1.5,5,191
24.8,5,0.3,6,186
24.7,5,1.0,8,192
20.7,7,1.5,7,215
29.4,3,0.5,9,202
24.0,7,0.3,7,233
19.7,6,0.5,7,182
22.3,1,0.3,7,233
23.8,3,1.0,3,207
23.9,3,1.5,7,198
20.9,1,0.5,4,248
24.1,5,0.3,4,200
18.2,7,1.5,10,178
22.3,7,1.5,4,248
25.7,2,0.5,7,192
21.3,4,1.5,5,197
26.6,7,1.0,5,241
27.2,6,1.0,5,199
21.6,4,1.0,10,195
14.4,5,0.3,4,166
27.5,4,1.5,5,211
29.4,6,0.5,5,198
17.6,6,0.3,5,177
24.8,7,1.5,7,216
25.3,6,1.5,5,202
17.5,5,1.5,3,194
21.9,4,0.3,8,171
29.0,3,0.3,3,214
24.9,2,1.5,7,196
24.1,1,0.3,3,252
28.7,7,0.5,4,248
21.7,3,0.3,6,180
16.9,6,0.5,3,177
29.5,5,0.3,6,200
21.0,1,0.3,10,196
24.1,3,1.5,8,191
28.7,5,1.0,10,227
25.2,5,1.0,6,193
24.8,1,0.3,7,237
21.7,7,1.5,10,170
26.5,5,0.5,3,205
32.9,4,1.5,8,237
21.8,5,1.0,9,182
19.7,2,0.5,4,180
25.4,6,0.3,8,198
21.2,3,0.5,10,187
24.7,4,1.5,8,210
24.3,3,1.0,6,195
26.2,5,1.5,8,206
25.0,6,0.5,3,210
25.4,7,1.0,8,198
29.3,5,0.3,8,207
20.3,4,0.3,4,190
24.4,1,0.3,8,203
25.5,7,1.0,10,171
19.3,4,0.3,8,164
20.4,6,1.0,8,185
22.9,4,0.3,6,179
22.1,6,0.5,6,178
28.7,3,0.5,6,196
24.7,5,0.3,10,203
35.9,4,1.5,10,232
22.7,4,1.0,3,196
23.0,2,1.5,4,203
33.2,6,0.5,4,210
22.0,2,1.0,3,203
33.0,1,1.0,10,165
11.8,4,0.3,9,156
21.6,3,1.5,9,189
29.8,6,0.3,9,208
30.6,4,0.3,4,207
26.1,3,1.5,5,206
21.6,1,0.3,8,222
23.7,1,1.0,9,191
27.3,6,0.3,6,195
25.5,4,0.5,10,207
28.0,4,1.5,6,200
21.4,6,1.5,5,194
27.6,7,1.0,3,246
29.4,3,1.0,7,209
36.6,5,0.3,9,230
27.2,1,0.5,3,249
27.1,5,1.0,10,220
20.9,2,0.3,6,171
18.9,4,1.0,10,188
15.1,1,0.3,8,226
26.1,6,0.3,9,192
32.4,1,1.5,7,220
23.9,3,1.0,3,204
14.3,1,0.3,7,225
25.0,5,0.5,8,191
23.4,6,0.5,7,182
22.8,4,0.3,3,203
31.3,7,0.3,5,239
29.2,4,0.3,10,210
30.3,7,1.5,3,255
21.1,5,0.5,7,180
25.8,3,0.5,4,201
19.9,6,0.3,9,176
28.9,2,1.0,10,237
19.8,3,0.3,7,174
29.4,2,0.5,9,217
25.3,3,1.5,9,213
25.2,7,0.5,3,253
18.5,3,1.0,3,187
27.2,2,1.5,6,209
17.0,7,0.3,6,243
19.3,2,0.5,10,183
20.6,3,1.0,9,177
32.6,3,1.0,7,220
24.7,5,1.0,3,200
21.6,5,1.0,5,186
26.4,3,1.0,6,203
33.8,4,0.3,9,225
23.7,2,1.0,8,185
20.1,5,1.5,6,188
19.8,3,0.5,7,181
24.1,7,1.5,6,224
31.0,4,1.0,4,213
23.7,7,0.5,10,184
23.3,7,1.5,5,238
20.3,6,0.3,8,176
19.7,7,0.3,8,221
28.4,7,0.5,6,237
25.7,4,1.5,7,200
25.9,6,0.3,4,194
18.7,7,0.5,9,207
26.5,1,0.5,5,242
25.5,7,1.5,6,229
30.3,5,1.0,5,202
28.5,4,0.3,5,194
23.3,3,0.5,5,192
25.6,5,1.5,3,209
25.5,3,0.3,9,196
23.8,7,1.0,4,246
20.7,6,1.5,5,178
27.8,5,0.5,5,196
33.3,7,0.5,4,253
23.8,3,0.3,6,183
30.8,4,1.0,9,234
22.9,6,1.0,4,189
22.8,7,1.5,3,238
24.1,5,1.0,10,197
23.0,5,0.5,9,188
28.1,7,0.3,9,201
28.9,7,0.3,3,252
13.9,6,0.3,8,155
27.5,7,0.5,9,189
25.8,6,1.5,9,207
31.2,2,1.5,3,219
20.6,2,0.5,10,182
24.7,2,0.5,9,204
29.1,1,0.3,10,183
27.8,7,0.3,6,245
30.4,4,0.3,4,201
21.1,7,0.3,9,206
21.5,5,1.5,7,176
26.6,7,0.3,9,203
18.7,1,0.3,7,224
26.0,4,0.5,3,197
28.0,5,1.0,10,227
25.6,1,1.5,10,164
18.8,7,1.0,9,197
21.9,1,1.5,8,200
22.9,2,1.0,4,202
25.9,7,0.3,3,254
25.2,3,0.5,10,209
22.4,7,0.5,10,178
17.4,6,1.0,7,165
16.8,1,0.5,9,204
20.1,5,1.5,7,177
20.0,3,1.0,4,191
21.6,6,0.5,4,191
19.8,6,0.3,6,176
23.5,1,1.0,6,235
21.6,3,1.5,3,199
24.8,1,0.3,5,243
24.0,4,0.3,5,186
26.4,2,1.5,10,216
20.2,6,1.0,7,175
20.5,3,0.3,4,176
19.6,5,1.5,5,185
24.4,4,0.5,7,196
26.9,3,1.0,5,209
28.6,3,0.5,9,207
24.7,2,0.5,8,188
23.5,2,1.0,6,185
27.0,7,1.5,7,206
23.8,1,1.0,3,255
20.0,7,0.3,6,240
27.0,3,1.0,6,200
22.3,1,0.3,8,217
18.1,2,0.5,7,169
23.3,6,1.0,4,195
20.7,3,1.5,10,205
23.8,3,0.3,5,189
21.1,1,0.5,4,245
22.7,5,0.3,10,184
21.6,3,1.5,9,195
23.5,7,0.3,9,196
26.3,6,1.0,6,202
25.0,5,0.5,10,199
24.0,1,0.5,10,187
28.1,5,1.0,3,202
18.6,4,0.5,4,174
24.7,7,1.5,6,228
28.7,6,0.3,6,195
26.2,7,0.3,9,204
28.5,1,0.3,5,245
20.3,1,1.5,3,248
28.6,1,1.5,5,239
21.2,1,0.3,5,247
28.5,3,0.3,3,205
25.0,3,1.0,9,200
27.4,1,0.3,10,175
20.9,2,0.3,4,188
23.1,5,0.5,4,196
16.6,6,1.5,10,188
25.5,3,0.5,3,204
27.0,6,1.0,3,203
25.5,1,1.5,7,211
28.6,3,1.0,6,206
26.5,3,0.5,10,206
24.7,7,1.0,3,248
26.4,4,1.5,4,203
22.0,6,0.5,4,190
27.9,7,1.5,7,218
25.3,6,1.0,9,195
25.5,1,0.3,10,184
23.7,6,0.3,7,178
21.9,1,1.0,3,236
20.4,7,0.3,9,205
23.1,6,0.3,6,180
27.1,3,0.3,10,207
17.2,4,0.5,7,164
24.7,1,0.3,7,231
38.4,3,1.0,9,248
25.2,6,0.3,9,194
23.7,4,1.5,6,195
25.9,5,0.3,8,192
23.9,2,0.5,4,189
24.9,7,1.0,5,245
25.1,6,0.5,10,194
20.5,4,1.5,4,193
29.3,4,0.5,8,204
25.4,2,1.5,10,224
29.0,3,0.3,3,209
25.2,4,0.3,7,189
28.8,1,0.3,9,183
24.8,5,0.5,7,192
36.7,5,1.0,8,235
29.2,1,0.5,5,247
29.9,1,1.5,7,212
24.4,1,0.3,8,216
18.5,3,1.0,10,193
23.4,6,0.5,8,184
26.7,7,1.5,5,237
25.2,2,1.0,7,199
22.4,4,1.5,3,205
21.7,6,1.5,5,193
19.7,1,1.0,8,204
22.8,5,0.3,10,188
27.1,7,1.5,4,248
27.2,1,1.5,4,238
27.1,3,1.0,10,231
23.8,5,1.5,10,213
25.3,1,1.5,8,202
24.4,4,1.5,5,208
26.2,6,0.3,3,206
25.6,7,1.5,7,213
26.9,2,0.5,3,201
23.9,1,1.5,8,206
24.1,7,0.5,5,245
29.9,3,1.0,10,229
29.5,2,0.3,4,197
16.0,1,1.5,6,230
25.7,1,0.3,10,188
25.6,2,1.5,9,215
27.5,5,0.3,4,199
15.7,2,0.3,4,173
17.5,5,1.5,3,201
22.4,5,1.0,8,187
24.4,7,1.0,9,189
19.5,2,1.0,6,176
28.4,1,1.5,4,233
28.0,6,0.3,7,199
26.5,7,0.3,5,234
27.2,6,1.0,9,214
19.4,7,0.3,3,230
23.3,6,1.0,3,195
14.7,1,0.3,4,235
27.8,6,0.3,5,202
28.4,4,0.3,6,199
25.5,6,0.3,10,204
19.9,1,0.3,4,250
24.0,7,0.3,5,246
27.7,3,0.5,9,205
19.0,2,0.5,8,175
24.8,2,1.0,4,199
26.7,6,0.5,9,200
20.9,7,1.0,9,190
21.7,1,0.3,8,218
28.6,6,1.5,8,211
26.9,1,0.3,6,240
29.6,6,0.3,3,208
25.0,5,0.3,7,184
20.2,3,1.5,7,192
23.8,7,0.3,5,233
21.5,3,1.0,5,193
23.0,5,1.0,8,196
25.9,5,1.5,6,211
30.0,6,1.0,5,205
24.7,1,1.0,5,243
31.4,1,0.3,5,241
18.9,1,0.3,7,234
23.3,4,0.5,5,186
24.2,2,1.5,6,201
15.8,7,1.0,10,187
17.7,6,1.5,6,185
22.8,6,1.5,3,206
24.6,1,0.3,3,259
25.8,3,1.0,7,199
24.4,4,1.5,6,200
22.9,5,1.5,3,208
18.7,7,0.3,10,193
24.3,2,0.5,7,191
30.5,4,0.3,4,201
25.9,2,0.3,8,198
21.4,3,0.3,10,183
24.7,1,1.0,9,187
25.8,4,0.3,8,192
29.1,4,0.3,8,199
22.0,3,0.5,9,195
26.1,5,1.0,9,205
26.4,4,0.3,5,195
23.0,3,1.5,9,199
23.8,4,0.3,10,192
22.5,2,1.5,8,193
24.4,3,0.3,3,201
25.2,6,1.5,4,203
19.4,4,0.5,3,186
23.6,1,1.5,9,184
30.2,6,0.5,9,209
24.1,2,1.0,5,187
16.8,2,0.5,10,167
29.9,2,0.5,10,214
23.3,3,1.5,9,208
24.8,7,1.0,3,243
26.3,6,0.5,8,184
22.6,3,0.5,10,189
20.2,3,1.0,10,195
21.3,6,1.5,6,189
25.2,1,1.5,9,185
24.1,5,1.5,10,213
23.1,5,0.5,3,197
32.6,7,1.0,9,181
25.2,3,0.3,4,198
28.0,5,1.5,6,208
32.6,4,0.3,9,216
24.7,1,1.0,3,241
22.6,1,0.5,6,244
23.2,3,1.0,9,191
24.7,4,0.5,9,195
31.3,3,1.0,4,208
28.4,4,0.3,10,216
23.4,3,0.5,8,189
22.0,3,1.0,6,191
27.2,4,0.3,6,191
31.4,2,1.0,7,212
22.0,7,0.3,10,178
30.6,5,1.5,5,210
25.6,7,0.3,7,238
24.4,1,1.5,6,219
23.3,6,0.5,8,189
21.7,5,0.5,9,184
22.5,4,1.5,7,198
29.2,7,1.0,5,236
18.8,1,0.3,8,220
22.6,2,0.5,9,180
24.1,5,1.0,9,200
19.8,2,0.3,9,176
22.4,7,1.0,7,225
18.7,7,1.5,3,245
26.7,2,1.0,4,212
26.8,7,1.5,8,198
18.8,2,1.0,8,180
29.8,7,0.5,8,210
20.3,5,0.3,10,185
16.7,5,1.5,7,185
17.2,2,1.0,7,177
26.0,2,1.5,9,217
14.9,5,0.3,7,166
23.7,7,0.5,5,241
25.0,7,0.3,6,230
28.0,7,1.0,4,252
22.8,4,1.5,3,202
28.7,4,0.5,4,209
22.5,3,0.5,5,183
27.7,5,0.5,5,195
20.2,5,1.5,8,179
25.3,6,1.0,5,197
22.8,1,1.5,5,242
24.8,1,1.0,5,250
32.8,4,1.5,9,244
24.1,2,0.5,10,194
24.3,6,1.0,8,195
24.6,1,1.0,7,218
25.4,5,1.5,6,196
15.4,5,1.5,4,181
27.0,3,0.5,10,205
18.7,6,1.0,4,182
16.1,3,0.5,6,166
24.5,1,1.5,10,173
19.2,6,0.5,3,193
25.0,3,1.0,6,198
28.4,3,1.5,9,219
24.1,2,1.0,6,184
20.1,3,0.5,7,167
24.5,5,1.0,3,202
32.1,3,0.3,7,209
24.3,3,1.5,6,191
31.1,3,0.5,8,210
29.9,7,0.5,5,255
19.3,3,0.3,3,183
27.6,1,1.5,8,196
18.8,5,0.5,7,170
26.3,4,1.5,8,207
26.3,6,1.0,4,212
23.3,7,0.5,9,204
17.8,4,0.3,8,160
22.6,7,0.5,6,233
22.7,1,0.3,9,193
25.9,4,1.5,7,203
23.8,5,1.5,9,213
26.1,2,1.0,8,204
22.8,7,0.3,6,232
17.6,3,1.5,4,195
23.9,4,1.0,3,194
29.6,7,0.5,6,227
20.6,3,0.3,3,196
19.9,5,0.5,4,180
16.3,3,1.5,4,185
31.4,4,0.5,10,223
19.8,6,0.3,8,172
28.2,4,1.0,7,201
24.6,3,1.5,8,197
23.5,2,0.5,5,188
24.3,5,0.3,6,188
31.4,2,0.5,9,213
30.8,5,1.5,10,243
26.1,1,1.5,9,183
22.3,2,1.0,6,184
29.9,7,1.5,9,174
26.8,2,1.0,3,212
24.5,5,1.5,5,191
26.1,4,1.0,8,217
21.0,2,0.5,10,184
27.0,2,1.0,4,201
23.0,2,1.0,9,200
23.1,1,1.0,7,228
19.4,2,0.3,3,186
24.4,1,1.5,9,180
25.7,6,1.0,7,208
18.2,6,1.5,3,195
25.3,2,1.0,8,203
25.8,1,1.0,10,171
29.2,1,1.5,5,238
28.6,1,1.5,9,187
21.7,6,0.3,4,189
28.9,4,0.3,7,192
26.1,1,1.5,9,177
23.2,1,1.5,7,217
21.0,5,0.5,5,177
27.6,7,1.5,5,243
27.3,2,0.5,9,206
22.2,4,0.5,6,184
25.3,5,0.3,9,196
22.4,5,1.0,3,199
21.0,4,0.5,4,191
20.4,4,0.5,6,173
26.5,3,1.0,6,212
25.3,6,1.0,10,215
25.5,1,1.5,10,165
25.0,3,1.0,7,187
24.3,1,1.0,5,240
27.7,5,0.3,4,195
17.6,3,1.5,3,193
27.3,3,1.0,4,208
19.5,1,1.0,9,194
23.2,2,1.5,10,216
24.5,3,0.3,10,199
24.1,7,0.5,6,236
25.8,5,0.3,10,193
20.5,5,1.5,6,187
30.7,4,1.5,6,218
28.3,6,0.5,5,193
26.1,3,0.3,6,193
26.9,1,1.5,10,170
22.5,4,1.0,6,179
17.1,5,1.0,6,179
17.9,4,0.5,6,164
25.9,6,1.0,3,203
13.7,5,1.5,3,190
30.2,3,1.0,3,213
25.7,4,1.5,10,220
20.3,7,1.5,5,229
21.8,4,0.5,7,175
17.7,6,0.3,4,179
23.5,5,1.0,4,184
25.5,7,1.0,6,231
28.8,5,1.0,9,220
18.9,6,1.0,10,187
28.2,6,0.5,5,198
24.9,6,1.5,9,212
23.7,1,0.3,7,230
24.1,6,1.5,7,196
25.4,6,1.0,3,196
31.3,1,0.3,3,253
29.9,1,0.5,8,207
27.3,3,0.5,3,208
21.1,2,0.3,9,173
23.1,4,0.5,8,194
27.6,4,0.5,8,204
25.5,6,0.3,5,186
20.9,6,1.0,3,190
31.3,2,1.5,5,212
33.4,4,0.3,5,208
26.1,1,1.0,3,249
22.6,3,1.5,9,206
24.1,2,0.5,3,201
20.0,3,1.0,8,179
19.3,6,1.0,5,178
25.4,7,0.3,8,209
23.1,7,0.5,6,233
27.7,7,0.3,3,249
35.6,1,0.5,3,251
25.9,7,1.0,10,186
24.1,3,1.5,8,210
24.8,4,1.0,5,192
25.9,1,0.3,3,258
30.0,5,1.0,10,221
24.9,4,1.0,6,195
27.6,2,1.5,3,210
20.1,1,0.5,10,194
20.5,7,0.5,6,242
23.5,2,0.5,5,179
27.9,1,0.5,6,237
20.6,1,1.0,5,240
29.4,6,0.5,4,209
20.6,2,1.5,5,187
25.0,4,1.0,6,202
24.1,5,0.3,6,183
30.6,3,1.0,7,210
20.5,3,0.3,6,177
20.9,3,1.0,10,195
23.2,4,0.5,3,201
27.2,6,1.0,10,217
27.0,7,0.5,4,240
19.4,3,0.5,8,173
21.2,4,1.0,5,192
19.3,3,1.0,10,183
31.1,3,1.5,4,220
26.0,5,1.5,6,207
26.9,5,0.5,4,203
15.8,5,1.5,7,175
25.2,7,1.0,8,211
23.4,4,1.0,10,196
28.1,5,0.5,8,207
17.9,2,1.0,4,177
30.0,5,1.0,3,209
27.1,6,0.3,4,206
26.9,6,1.5,6,204
19.7,7,0.3,8,221
32.3,6,0.5,9,223
25.6,2,1.5,4,203
25.9,1,0.5,8,211
24.8,4,0.5,5,196
23.5,7,1.0,10,178
25.3,4,1.0,7,193
25.3,7,1.5,4,242
29.0,5,1.0,6,208
26.9,5,0.3,5,195
21.8,4,0.5,4,187
25.5,6,0.5,9,195
28.6,3,0.3,7,202
22.1,7,0.5,5,244
24.3,6,0.3,7,181
29.2,2,1.0,9,226
26.4,5,1.0,9,209
22.7,7,1.0,3,246
27.1,5,1.5,7,205
28.5,5,1.0,9,213
27.4,4,1.0,10,212
25.4,2,0.5,8,199
32.2,5,1.0,10,237
19.2,6,0.5,9,182
26.0,6,0.5,5,193
27.2,4,0.3,8,189
21.0,6,1.0,5,192
21.6,5,0.5,4,187
21.8,5,1.5,8,194
25.1,7,0.3,3,254
24.1,6,0.5,6,183
26.6,5,0.5,7,198
29.4,6,1.5,10,230
22.1,5,0.5,3,196
24.9,6,1.0,3,205
26.1,3,1.5,9,215
16.5,6,0.3,10,163
23.5,4,0.3,7,174
17.5,6,0.3,3,186
21.0,4,0.3,7,177
20.4,2,1.0,8,179
28.5,1,1.0,7,208
21.7,2,0.3,4,187
21.5,4,0.3,6,175
27.0,1,0.3,9,206
23.5,5,1.5,8,205
18.6,1,1.0,8,213
28.4,2,0.5,8,214
27.9,1,1.0,10,176
22.7,3,0.5,4,186
17.4,1,1.0,5,238
21.2,7,1.0,3,250
20.3,2,1.0,4,191
30.3,6,1.0,9,222
21.1,3,1.5,4,197
27.0,3,0.3,8,199
28.8,6,0.3,10,215
25.1,3,0.5,8,186
25.2,2,0.5,4,191
29.0,7,0.3,9,203
27.1,4,0.3,9,203
17.8,5,1.0,7,170
28.0,5,1.0,5,206
15.1,4,0.3,7,155
21.2,7,0.5,10,189
27.1,3,1.5,3,216
16.5,3,0.3,4,183
28.0,7,0.5,3,251
32.6,1,1.0,8,204
23.0,6,0.5,6,186
16.5,3,0.3,7,162
30.3,2,1.5,7,210
19.9,2,0.3,9,171
18.7,6,0.3,4,180
19.2,4,1.0,10,188
21.5,5,0.3,10,181
20.9,5,1.5,5,188
31.3,2,1.5,6,215
19.8,6,1.5,4,188
16.8,1,0.5,6,239
17.2,2,1.0,8,180
21.7,1,0.5,9,200
30.2,7,0.5,4,235
18.0,4,1.5,3,196
22.7,7,0.3,7,240
26.4,2,1.5,8,210
22.3,1,0.3,10,181
22.5,5,0.3,8,174
22.0,5,0.5,7,175
24.9,2,1.5,5,198
20.5,2,0.5,9,182
29.3,7,1.0,10,169
16.4,1,1.0,10,184
27.3,6,1.5,8,216
27.8,7,0.5,8,213
23.7,4,0.3,10,193
22.3,1,0.5,7,221
28.5,4,0.5,4,201
19.7,5,1.0,9,183
22.7,3,0.3,9,184
20.1,1,0.3,10,183
24.7,1,0.3,4,249
20.0,6,0.3,3,182
21.0,4,0.3,4,185
26.3,5,1.5,5,208
23.5,4,1.0,3,200
24.6,7,1.5,9,191
30.1,5,1.5,3,228
15.8,2,1.0,4,177
21.4,1,0.5,7,224
23.8,2,0.3,5,188
29.3,5,0.3,3,216
19.4,2,0.5,3,193
23.2,3,1.5,7,202
25.9,1,1.0,6,232
19.4,6,1.5,8,198
21.9,6,0.3,10,185
23.7,5,1.5,7,192
21.6,7,1.0,4,242
26.0,6,1.5,8,214
27.3,7,0.3,6,235
22.1,7,1.0,10,182
26.4,3,0.3,8,194
25.6,6,1.0,10,213
23.8,1,0.5,6,228
20.9,7,1.0,7,223
30.3,7,0.5,10,176
19.4,4,1.5,6,188
24.8,3,1.0,4,196
27.2,7,1.0,10,177
13.7,7,0.5,6,242
21.2,6,0.3,9,187
16.3,7,1.5,7,216
23.0,6,0.5,10,188
26.3,3,1.0,9,206
21.0,2,0.3,4,196
24.1,4,1.5,5,197
26.7,5,0.3,9,201
20.9,6,0.5,4,180
22.7,1,0.3,6,232
19.7,6,0.3,4,188
25.9,4,0.5,10,204
22.8,4,1.5,4,198
29.7,5,1.0,7,204
28.8,2,1.5,7,214
18.6,1,1.0,10,177
24.6,1,1.0,8,204
24.8,2,1.0,4,204
24.5,3,0.5,8,181
25.4,4,0.5,8,196
23.0,1,0.3,5,241
27.7,4,0.5,4,196
26.5,1,0.5,7,217
25.6,7,1.0,9,192
21.7,3,0.5,4,191
28.5,3,0.5,10,208
18.4,7,1.0,5,238
28.0,7,1.0,3,252
26.4,1,1.0,10,172
20.6,1,0.3,6,243
25.7,6,1.5,8,205
33.4,7,1.5,3,259
24.1,5,1.0,7,191
21.6,2,1.0,4,188
24.7,5,0.3,8,205
26.3,3,1.5,6,203
31.0,4,1.0,4,211
23.3,7,1.0,7,223
27.9,3,1.0,8,204
24.8,7,0.5,5,246
28.9,1,1.0,4,240
25.7,6,1.5,8,206
20.0,3,0.5,9,185
27.0,7,0.5,3,256
28.5,2,1.0,4,210
23.2,7,0.3,8,215
15.7,2,1.0,9,171
20.4,7,0.5,10,190
24.2,5,0.3,6,185
26.8,4,0.5,8,202
22.0,2,1.5,4,195
28.0,5,0.3,6,199
21.9,7,1.0,9,192
18.6,5,0.3,9,171
25.8,7,0.5,6,240
21.3,5,1.5,5,186
29.2,4,0.3,3,202
28.4,3,0.3,7,195
22.4,5,0.5,7,184
21.5,3,0.3,7,165
24.9,6,1.5,10,236
28.5,6,0.5,7,201
24.5,6,1.0,10,203
23.5,2,1.0,6,188
28.3,2,1.0,6,207
26.7,6,1.0,4,204
21.3,3,1.0,5,190
21.4,1,0.5,7,230
15.3,5,1.5,4,178
23.0,6,0.3,9,181
22.5,4,0.3,6,177
25.9,4,0.5,8,200
21.2,6,0.5,9,179
22.3,7,0.5,10,181
22.4,1,1.5,4,238
21.8,7,1.0,9,196
22.7,2,1.0,5,192
21.6,3,1.5,8,196
28.6,7,0.5,10,180
23.3,7,1.0,3,254
25.5,6,0.5,9,199
25.3,2,1.0,5,202
19.7,7,1.0,9,195
15.9,1,0.5,10,186
19.2,5,0.5,10,182
22.4,2,1.0,7,183
23.8,7,1.0,6,234
18.3,4,1.5,10,195
26.3,4,0.5,3,208
22.4,2,1.0,3,200
27.0,3,1.5,4,207
20.0,1,0.5,9,193
12.3,5,1.5,10,162
25.9,5,1.5,5,191
25.6,3,1.5,8,204
32.7,3,0.5,6,215
24.1,2,0.5,4,189
25.0,4,0.3,6,189
30.7,1,1.0,4,245
12.7,1,1.5,4,230
17.9,3,0.5,7,169
15.9,3,0.3,9,157
25.0,3,0.5,4,202
22.6,2,0.3,3,197
25.7,6,0.3,5,196
17.3,4,1.0,9,178
20.6,4,0.3,8,185
23.4,7,0.3,5,237
22.7,5,1.0,9,198
22.3,1,0.5,10,192
27.6,5,1.5,8,213
20.5,1,1.0,4,257
21.5,5,1.0,4,188
21.4,1,0.3,4,242
25.9,4,0.3,7,203
19.3,1,1.5,9,189
19.2,1,0.5,8,213
19.5,4,1.5,3,200
16.8,2,0.5,9,166
22.4,6,1.0,5,184
20.7,6,1.0,6,188
15.0,4,1.5,7,172
21.0,6,0.3,5,186
23.4,3,0.3,9,183
29.5,2,0.5,9,212
22.8,6,0.3,10,189
28.6,1,1.5,9,184
24.0,5,0.5,7,186
28.5,1,0.5,9,199
18.4,2,1.0,3,197
17.7,5,1.5,9,183
22.3,2,1.0,6,188
21.9,1,1.5,8,200
23.3,7,1.0,6,235
25.0,1,1.0,8,207
18.6,3,1.0,10,185
24.1,5,1.0,6,195
21.0,6,0.5,7,187
31.1,2,0.5,4,207
22.5,6,0.5,8,181
21.5,1,1.0,10,175
30.3,1,1.5,5,237
17.0,2,0.5,7,169
30.0,5,1.0,9,223
24.8,4,1.0,10,207
21.7,6,0.5,4,183
21.8,2,1.5,10,194
23.6,2,1.0,8,191
24.7,5,0.5,7,194
20.5,2,0.5,3,190
24.9,1,1.0,4,237
26.4,1,0.5,9,200
23.5,1,1.0,4,249
29.6,6,1.0,3,212
19.8,3,1.5,3,194
24.0,6,1.5,9,209
27.4,7,0.5,10,179
25.4,2,1.5,9,206
29.5,2,1.0,4,206
27.4,1,0.3,7,224
19.3,6,1.5,5,174
29.3,7,0.3,6,236
21.4,7,1.0,8,207
28.2,7,0.3,9,204
23.9,3,0.5,4,193
28.2,3,0.3,7,201
14.2,5,1.0,7,162
26.7,4,1.0,6,194
23.1,4,0.5,3,198
29.9,3,0.3,3,207
30.1,1,0.3,4,249
29.3,4,0.5,10,214
23.3,1,0.3,7,222
24.1,6,1.0,10,202
20.5,5,0.5,6,178
23.6,4,1.0,9,195
24.4,3,0.3,10,201
26.1,1,0.3,6,236
29.5,4,0.3,3,211
20.5,3,1.5,4,206
24.7,7,1.0,8,211
26.5,6,0.5,6,195
23.4,6,0.5,9,188
17.2,2,1.0,6,175
22.1,4,0.5,4,190
21.5,2,1.0,7,185
19.3,5,1.0,9,176
24.7,5,0.5,10,192
22.3,4,0.5,8,190
22.8,6,1.5,5,187
24.3,6,1.5,8,196
23.5,6,0.3,10,193
25.9,7,1.0,9,188
25.9,5,0.5,8,202
24.7,5,1.0,10,202
25.4,1,1.5,8,193
26.7,7,0.5,7,213
22.4,1,0.3,10,192
27.9,5,1.0,7,203
29.0,4,0.5,7,203
23.3,5,1.5,10,210
29.2,4,0.5,8,210
26.1,3,0.5,10,209
25.8,7,1.0,8,203
31.0,5,1.5,10,245
18.7,6,1.0,3,187
27.2,7,0.5,4,251
21.2,7,1.0,6,223
24.6,4,0.3,9,189
15.1,1,0.5,9,208
27.1,1,1.0,6,239
28.5,1,1.0,10,171
19.7,7,1.5,9,192
30.0,4,0.3,4,208
21.4,7,1.5,4,248
23.1,2,0.5,4,190
19.1,2,1.5,6,180
25.3,7,0.3,4,256
21.9,6,1.0,7,190
22.6,4,1.5,9,212
23.6,5,1.0,6,188
19.0,2,1.5,3,193
25.3,7,1.0,3,249
22.0,6,0.5,6,183
28.5,5,1.5,7,215
22.9,4,0.3,7,187
25.1,3,0.5,7,190
24.8,5,1.5,8,210
27.9,2,1.5,4,206
28.7,1,1.5,9,187
23.3,3,1.0,5,186
19.1,5,0.5,7,178
22.8,3,0.3,5,184
21.4,5,0.5,10,186
25.5,2,1.0,4,205
21.8,1,0.5,8,218
24.2,3,0.3,6,195
23.7,4,1.5,8,202
24.0,1,0.3,10,182
19.1,3,0.5,6,175
27.3,2,1.5,3,208
21.0,1,0.3,9,210
16.5,1,1.5,5,235
19.9,1,0.5,10,185
21.5,7,0.3,8,212
21.3,5,0.5,10,193
24.4,5,1.5,5,200
20.7,3,1.5,9,192
23.8,3,0.3,6,188
26.6,5,0.5,7,200
19.6,7,1.0,5,238
20.5,4,0.5,9,174
28.9,4,1.5,9,229
25.0,3,0.5,4,197
26.7,2,1.5,9,213
22.7,7,0.3,4,248
23.3,6,0.5,4,188
22.8,5,0.5,6,179
20.2,4,0.5,10,181
27.7,5,1.5,4,211
18.8,4,0.3,9,160
20.7,4,0.3,3,205
18.8,1,0.5,6,235
30.7,7,1.5,3,252
19.9,7,0.3,5,233
28.0,5,0.5,4,200
18.1,7,1.5,3,240
31.5,6,0.5,6,206
33.4,1,0.3,4,256
23.3,5,1.0,7,179
29.5,7,0.5,8,203
18.4,4,0.5,8,162
21.8,7,0.3,10,196
28.6,7,1.5,5,233
23.9,6,1.0,6,185
21.7,2,1.0,6,186
23.8,5,1.5,7,195
21.3,2,1.5,3,199
20.8,7,0.3,5,248
27.2,7,1.0,4,237
16.0,6,0.5,7,169
21.2,7,0.5,4,241
23.5,6,0.3,6,185
27.1,1,0.5,3,252
24.2,5,0.5,7,186
21.8,3,1.0,5,192
14.7,4,0.5,10,162
35.0,2,1.0,6,222
20.5,5,0.5,7,178
26.3,4,1.0,10,217
18.6,4,1.5,10,193
27.2,5,1.0,8,211
18.0,4,1.5,9,185
21.2,7,1.0,3,246
23.9,5,1.5,5,197
18.7,6,1.5,6,179
26.7,4,1.0,5,206
23.8,5,0.5,5,195
28.2,5,1.0,5,205
27.1,7,0.3,6,226
22.1,7,0.3,8,213
19.1,7,0.3,9,207
22.3,7,0.5,3,252
28.0,1,1.5,6,222
17.4,6,0.3,6,167
28.0,7,0.5,6,235
17.5,5,0.3,6,172
26.0,1,1.0,7,207
25.7,1,0.3,9,199
20.2,1,1.0,9,188
18.1,3,0.3,7,166
23.6,7,0.5,3,251
25.8,4,1.0,8,194
18.7,3,1.5,6,192
25.5,4,1.0,9,207
24.7,7,1.5,9,193
18.7,5,1.0,7,173
16.3,4,0.3,9,163
23.7,4,1.5,10,217
22.4,4,0.5,7,181
17.9,3,1.5,7,187
20.2,7,0.3,3,236
32.2,7,1.5,6,229
26.3,1,1.0,6,224
25.8,1,0.5,8,212
20.6,7,1.0,4,237
23.7,4,0.5,7,196
28.2,2,1.5,7,204
20.1,1,0.3,7,217
21.4,2,0.5,10,190
22.2,6,1.5,6,193
21.7,2,1.5,10,200
26.0,1,1.0,9,187
20.7,4,0.3,7,179
24.4,4,0.3,4,198
24.9,4,0.3,10,195
24.9,1,1.5,10,167
24.7,7,1.0,10,175
18.2,2,1.5,10,185
18.6,4,1.0,6,174
16.6,2,1.0,6,176
24.5,4,1.5,4,200
26.0,5,0.5,6,189
25.8,1,1.5,9,184
30.0,2,0.3,5,195
22.9,3,1.5,4,192
28.2,4,0.3,5,203
24.6,5,0.3,6,186
27.4,5,1.0,7,197
21.1,2,1.5,8,194
23.6,3,1.5,5,202
20.6,4,1.0,3,195
19.5,7,0.3,4,253
15.3,7,1.5,10,184
27.9,4,1.5,10,232
25.4,5,0.3,5,190
35.4,1,1.5,9,186
24.2,6,1.5,7,206
25.6,4,1.5,7,200
19.9,4,1.0,7,183
28.4,4,0.5,8,207
21.4,7,0.3,4,247
32.4,7,0.5,4,248
33.8,1,0.5,3,253
16.3,4,0.3,4,171
21.2,5,1.5,5,187
18.8,1,1.5,10,179
20.8,7,1.5,6,233
19.0,7,1.5,9,197
25.5,1,1.0,10,178
29.2,4,1.0,9,212
24.5,4,1.5,10,220
29.7,6,1.0,8,218
26.0,7,1.0,8,205
28.5,2,0.3,10,215
30.3,4,0.3,6,208
20.8,5,0.5,6,169
30.9,2,1.0,8,232
20.6,7,1.0,8,213
20.3,2,0.3,7,171
27.5,3,1.5,7,215
20.5,5,0.3,5,185
19.9,5,1.0,5,177
27.3,5,0.5,7,197
23.0,1,0.3,7,229
21.8,1,1.5,7,217
21.0,2,0.3,5,176
20.3,1,1.5,10,186
24.9,7,1.0,9,184
23.4,6,1.0,7,190
21.5,1,0.5,8,204
32.5,7,0.3,4,254
26.6,6,1.5,7,211
18.9,2,1.0,8,180
25.2,5,1.5,8,202
21.2,3,0.5,6,186
21.9,2,0.3,3,187
31.7,2,1.5,7,225
29.2,4,0.3,9,210
25.2,2,0.5,6,195
28.5,5,1.5,9,231
18.2,1,1.5,9,190
26.9,5,0.5,9,196
27.2,3,0.3,6,191
21.1,6,1.5,5,185
17.3,2,0.5,9,158
26.4,2,1.0,3,212
25.1,3,1.5,9,209
23.6,2,0.3,7,181
24.3,4,0.3,9,192
24.4,4,1.5,8,201
27.6,2,0.3,7,197
29.9,3,0.3,4,202
22.2,1,0.3,3,249
29.2,7,1.5,3,246
22.2,1,0.5,4,249
21.1,2,0.5,9,190
22.9,2,0.5,9,187
26.5,1,0.5,5,242
26.0,6,0.5,8,193
23.8,4,1.0,3,199
19.7,7,1.0,4,245
27.8,7,0.3,4,259
22.6,3,1.0,3,205
23.8,6,1.0,6,191
20.6,6,1.5,9,195
30.9,3,1.0,8,212
22.2,1,1.0,10,168
18.4,3,0.3,8,166
27.1,2,1.0,5,199
23.7,1,1.5,5,234
27.3,3,1.0,10,229
27.2,1,0.5,7,219
16.9,5,0.3,3,183
22.8,3,0.5,10,202
33.2,4,1.0,7,228
25.9,6,1.5,10,226
25.9,1,0.5,8,222
28.0,2,0.3,8,200
28.9,6,1.0,8,216
24.1,2,1.5,5,199
27.5,4,1.5,6,201
27.0,2,1.5,5,201
25.0,5,1.0,5,199
24.0,6,0.3,6,188
27.1,7,1.0,5,239
25.5,5,0.5,5,190
20.3,3,0.5,10,177
18.8,3,0.3,9,177
23.8,6,1.5,7,195
23.6,1,1.0,8,198
29.7,7,1.5,4,251
23.9,1,0.5,8,210
23.8,2,1.5,7,197
22.3,5,1.5,6,195
24.8,6,1.5,3,207
25.5,7,1.0,5,240
28.3,3,1.0,8,210
21.9,4,0.5,10,184
26.0,1,0.3,4,249
27.6,3,1.0,8,204
17.1,1,1.0,7,227
25.1,1,0.5,10,187
20.3,5,0.5,8,172
21.7,4,1.0,9,185
22.8,6,0.5,6,172
22.6,6,1.5,3,200
20.4,4,1.5,6,187
24.6,7,1.0,10,180
26.1,7,1.0,4,242
22.8,2,0.3,6,188
19.5,3,1.0,6,181
22.1,7,0.3,3,247
30.4,7,1.5,9,184
26.2,6,1.5,9,212
21.8,4,1.5,8,197
19.6,1,1.5,6,224
24.8,7,1.5,10,168
24.7,6,0.3,6,179
32.7,5,1.0,3,226
17.6,1,1.5,7,216
25.6,2,1.0,10,210
27.9,2,0.5,8,205
28.2,4,0.5,6,198
18.3,1,0.5,8,220
25.7,3,0.3,5,193
24.3,5,0.3,7,187
25.3,4,0.5,5,199
25.6,3,0.5,6,195
21.1,3,0.5,6,181
25.9,4,1.0,10,205
20.4,6,0.5,3,196
17.9,6,1.5,10,193
21.5,7,0.5,5,240
24.8,4,1.0,4,199
30.5,6,0.3,6,206
22.3,4,0.5,5,187
29.8,1,1.5,5,239
20.5,5,1.0,4,185
21.3,3,0.3,8,183
18.0,1,1.5,7,217
23.5,4,1.0,4,192
23.6,7,1.0,7,214
27.0,1,1.5,4,237
22.2,2,1.0,10,205
24.4,7,1.0,10,176
18.8,1,1.0,10,176
22.7,3,0.5,3,188
30.5,7,0.5,8,195
19.5,1,1.5,3,244
23.8,1,0.5,3,240
27.1,6,0.3,6,179
26.3,7,1.0,4,246
22.8,5,0.5,8,189
21.6,5,1.0,5,187
18.7,1,0.3,4,247
28.7,7,0.5,9,195
17.1,3,0.5,3,184
22.2,4,1.0,3,194
18.8,1,0.3,9,209
21.2,7,0.5,10,190
18.3,7,0.3,7,230
23.1,7,0.3,7,240
26.6,4,0.5,5,192
21.0,4,0.5,7,182
23.2,3,0.3,5,186
24.0,6,1.5,10,212
21.8,6,1.5,8,197
30.4,5,0.3,7,207
19.7,4,1.0,5,181
21.3,4,0.3,4,186
27.1,3,0.5,9,204
24.3,5,0.5,9,197
23.0,2,1.0,5,187
28.3,5,0.3,8,207
15.0,3,0.3,10,162
24.9,3,0.3,6,182
28.8,4,0.3,6,201
18.7,5,0.3,10,171
35.1,5,1.0,6,231
25.3,1,1.0,7,223
25.5,4,1.0,6,196
26.0,3,0.3,10,202
24.3,1,1.0,7,217
32.8,1,1.5,3,247
18.9,4,0.3,3,190
20.3,3,1.0,3,196
26.2,3,0.3,9,199
26.4,3,0.5,8,193
19.7,5,0.5,9,175
28.3,5,0.5,5,202
19.1,1,1.0,10,177
21.3,5,1.0,3,193
21.9,6,1.0,10,196
24.3,1,1.0,3,250
23.1,1,1.5,7,211
25.1,5,1.0,9,199
26.5,3,0.5,8,196
26.8,7,0.5,5,243
20.0,1,1.5,9,197
21.5,3,0.3,5,180
29.6,3,1.0,5,202
26.5,7,0.3,6,229
26.8,7,0.5,10,175
19.3,5,0.3,8,176
10.0,4,0.5,10,139
25.5,1,1.5,3,253
33.2,7,0.5,4,245
15.8,3,0.3,10,167
25.2,4,1.0,5,198
24.5,6,1.0,10,204
15.5,3,1.0,3,195
29.0,7,1.5,7,208
24.8,5,1.5,4,207
20.8,4,0.5,9,181
26.1,7,0.5,10,182
22.9,6,1.0,9,198
27.8,3,1.0,9,223
31.0,7,1.0,8,202
22.8,5,0.5,5,189
26.4,6,0.5,9,209
31.1,6,0.5,6,215
18.7,4,1.0,7,174
24.1,1,0.3,8,206
19.7,2,1.0,7,178
27.0,3,0.5,7,202
19.4,2,0.3,5,174
25.3,3,1.5,9,216
21.9,2,1.5,4,195
25.1,6,0.3,7,181
22.1,4,0.5,6,177
15.1,6,0.5,10,158
17.0,1,0.3,9,215
28.7,5,1.5,4,214
28.9,1,0.3,9,198
22.4,1,0.5,9,203
24.9,6,1.0,6,195
19.3,4,0.3,6,175
19.8,1,0.3,6,238
17.2,4,1.5,3,200
22.4,3,1.5,4,195
30.7,1,0.5,4,236
18.9,5,1.5,10,191
27.3,7,1.5,8,208
25.8,6,1.0,9,209
26.2,6,1.5,8,208
17.0,7,0.5,10,189
19.1,1,0.5,5,238
28.0,5,0.5,3,205
16.5,4,0.3,9,168
23.2,7,0.3,4,249
22.3,6,0.3,5,179
23.3,7,1.5,5,241
27.1,5,1.0,8,205
21.7,1,0.5,8,209
27.9,4,0.5,9,212
27.3,7,1.5,10,162
16.9,7,1.0,5,239
24.0,1,1.0,6,231
22.1,5,1.5,3,203
23.9,6,0.3,9,191
20.7,5,1.0,9,183
23.4,7,1.5,8,202
29.2,7,0.3,8,200
24.3,6,0.5,9,195
19.1,7,1.5,6,230
24.4,2,1.5,8,206
26.4,4,1.0,7,196
17.5,6,0.5,5,170
21.8,1,1.5,8,198
21.9,1,1.5,10,170
26.9,5,0.5,10,219
22.6,6,0.5,6,182
23.1,4,1.5,3,207
25.8,6,1.0,10,213
26.5,6,0.3,5,188
22.5,5,0.5,7,179
32.2,6,1.5,8,239
26.1,6,0.5,10,210
27.7,2,0.3,7,192
23.1,7,0.5,4,252
22.7,2,0.5,5,183
19.4,3,0.5,4,179
15.2,1,0.5,4,237
28.9,1,1.5,8,192
23.8,1,0.3,10,186
19.8,2,0.3,3,193
22.9,6,1.5,10,199
27.1,1,1.5,8,204
24.5,4,1.5,10,213
28.6,7,1.5,6,238
17.9,7,1.0,10,182
23.9,4,1.5,10,215
23.0,2,1.5,10,210
29.6,4,1.5,8,215
26.1,1,1.0,6,230
26.7,4,1.0,3,210
29.2,6,0.3,10,215
26.6,1,0.3,4,256
17.9,6,0.3,3,184
29.7,7,1.5,4,241
26.6,5,0.3,6,189
23.5,4,0.5,4,184
25.8,3,0.5,10,204
30.7,4,0.3,5,204
27.3,7,1.5,8,200
23.7,3,0.5,8,192
26.4,5,0.3,4,196
20.9,5,1.5,3,207
26.0,2,1.5,8,202
24.0,6,1.5,9,193
25.6,1,0.5,5,240
16.7,3,1.0,6,173
18.1,4,1.0,4,186
35.0,2,1.0,6,218
23.0,6,1.0,5,184
23.5,3,1.0,9,188
26.2,5,1.5,3,208
23.1,7,1.5,7,208
25.5,7,0.3,10,180
17.0,4,0.3,6,170
24.0,2,1.0,5,187
24.0,3,0.3,9,190
16.8,3,1.5,10,186
18.0,5,1.0,5,178
27.6,3,1.0,6,207
20.6,2,0.5,4,183
21.0,3,1.5,9,192
25.7,1,1.5,4,243
22.5,1,1.5,10,178
15.2,5,1.0,10,180
22.4,4,0.3,9,188
22.7,3,0.5,9,187
22.5,5,1.5,5,194
28.7,7,1.5,3,251
25.6,7,0.5,9,202
20.9,5,0.5,3,196
34.4,1,1.0,4,254
23.7,1,1.0,10,172
17.9,2,0.3,9,173
21.8,5,0.5,7,183
18.9,4,1.0,4,181
20.4,4,1.0,3,191
23.7,4,0.5,10,197
19.8,1,1.5,3,236
28.3,3,1.0,3,216
24.9,2,1.0,9,198
22.1,6,1.5,5,189
22.3,6,0.3,4,191
23.6,7,0.5,5,235
23.8,7,0.5,9,202
20.8,3,1.0,10,198
26.9,7,0.3,5,247
16.9,5,1.0,4,183
24.7,6,1.5,5,210
25.3,6,1.0,10,209
25.1,2,0.5,7,184
27.8,5,0.3,9,200
20.6,7,0.5,8,213
26.7,3,0.5,5,196
16.1,5,0.5,9,163
20.0,3,0.3,4,186
18.7,4,1.0,8,178
26.6,7,1.5,6,219
14.7,5,1.0,10,172
27.4,5,0.3,7,195
23.9,1,1.5,5,232
21.5,7,0.5,3,245
18.3,6,1.0,4,181
22.6,1,0.3,6,237
33.1,1,0.5,6,237
14.8,3,1.5,9,172
21.4,5,0.5,7,170
25.6,5,0.3,9,201
25.2,3,0.3,7,182
25.0,2,1.0,8,193
21.8,2,0.3,8,175
23.4,7,0.5,8,219
19.1,7,0.3,9,203
27.5,7,0.3,5,245
20.9,4,0.3,6,188
21.2,6,1.5,4,193
26.6,5,0.3,5,187
22.5,1,0.5,5,239
27.4,5,1.5,4,208
21.4,6,1.0,3,205
20.5,6,1.0,7,171
22.1,3,0.3,9,176
22.0,2,0.3,3,189
21.8,4,1.0,3,199
25.0,1,0.5,3,253
24.6,5,0.3,4,193
23.2,7,1.0,9,194
26.1,6,0.3,7,189
25.4,7,1.5,3,253
27.1,7,1.5,10,158
22.8,7,0.5,9,195
22.3,1,1.0,5,235
23.6,3,1.5,3,212
31.0,3,1.5,3,220
29.8,1,1.0,3,258
24.8,1,1.5,8,197
20.6,2,0.3,7,176
26.6,5,0.3,5,192
29.6,3,0.3,4,208
31.2,6,0.5,9,225
26.6,1,0.5,9,201
19.3,5,1.0,3,193
19.7,3,0.3,3,188
21.5,1,0.5,9,200
28.5,2,0.5,7,191
22.1,4,1.5,8,197
26.1,2,1.5,7,204
17.9,6,1.0,3,191
27.1,6,1.0,3,205
25.9,1,1.0,8,205
21.0,1,0.5,7,222
22.9,3,0.5,5,192
21.9,4,0.3,9,183
24.7,3,1.0,9,198
22.2,6,1.0,7,186
20.5,1,0.3,4,242
22.8,5,1.0,6,189
21.1,6,1.0,7,186
25.2,7,0.3,6,235
22.2,1,1.5,4,241
20.6,6,0.5,5,189
20.6,6,1.0,7,178
21.8,7,0.5,4,253
23.4,2,0.5,9,185
23.2,6,0.3,10,194
19.5,4,1.5,8,187
21.9,1,0.5,3,248
23.4,2,1.0,4,196
26.7,3,0.3,10,198
28.7,3,1.5,5,208
24.3,3,1.0,3,203
28.9,2,0.3,10,219
30.4,1,0.3,9,200
26.0,5,1.5,4,204
31.6,3,1.5,5,218
17.9,6,1.0,8,171
25.0,3,0.3,9,205
22.9,5,0.3,6,184
22.2,1,1.5,3,249
20.4,6,1.5,5,182
20.2,2,0.5,10,182
24.8,6,0.3,3,196
20.7,2,1.5,10,190
23.7,4,0.5,9,190
20.3,6,1.0,9,191
33.0,3,1.5,3,233
24.6,6,0.5,3,195
19.9,5,1.0,4,190
17.2,5,0.3,10,158
13.8,2,0.5,9,153
19.9,5,0.5,5,181
26.9,1,0.3,6,234
21.2,3,1.5,5,194
21.5,2,1.5,4,196
27.7,6,1.0,7,202
22.5,2,0.5,8,189
24.3,6,0.3,8,195
22.7,3,0.3,3,184
26.0,1,0.5,8,218
23.7,1,1.0,8,208
20.6,3,1.0,10,191
21.5,5,1.0,5,185
27.9,1,1.5,4,237
26.5,1,1.5,10,161
26.2,6,0.3,9,199
30.5,4,0.3,10,223
21.5,7,1.0,4,243
27.3,7,1.0,10,171
16.6,7,1.0,3,235
25.0,5,0.5,3,198
21.8,2,1.0,5,182
23.7,1,1.0,7,224
21.7,4,0.3,3,183
31.2,4,1.5,4,214
24.1,4,1.5,6,199
28.3,7,1.0,10,178
21.9,3,1.0,8,193
24.9,4,1.0,5,193
22.9,6,0.3,10,192
21.0,7,0.5,9,202
23.2,2,1.0,6,186
26.4,5,0.3,3,205
30.2,5,0.5,10,213
24.5,7,1.0,9,192
19.1,6,1.0,4,182
28.8,3,0.5,8,205
22.4,2,1.0,8,195
26.8,3,1.5,6,206
19.8,6,0.3,5,180
24.5,4,1.0,7,188
25.7,1,0.5,3,257
24.3,7,1.5,7,214
28.0,7,0.5,7,231
20.7,2,0.5,8,180
29.2,4,1.0,6,209
18.9,2,0.3,10,179
30.5,2,0.5,6,209
28.8,5,1.5,7,214
26.6,5,1.0,3,204
18.1,1,0.3,5,239
26.5,7,0.5,6,225
21.8,3,0.5,6,185
21.9,7,0.5,5,239
24.4,4,1.0,8,200
30.9,3,1.5,6,216
22.9,4,1.0,5,190
17.7,6,0.3,7,166
19.7,6,1.0,5,179
25.9,3,0.5,4,188
21.2,3,0.3,3,202
22.4,1,0.3,8,210
31.0,5,0.3,8,215
23.2,7,1.0,6,225
22.8,4,1.5,7,187
18.7,7,0.3,6,230
18.3,7,1.5,9,195
19.6,2,0.3,7,174
24.6,7,1.0,9,193
30.4,1,0.3,10,177
20.9,3,1.0,9,190
24.3,1,1.0,6,231
26.0,3,1.0,5,190
18.3,3,0.5,10,178
22.5,1,0.3,9,199
19.9,7,1.5,10,172
24.2,1,1.0,4,241
20.5,6,0.3,3,190
20.8,6,1.5,8,191
15.6,1,1.5,8,210
23.4,3,1.5,5,186
24.4,6,1.0,7,190
26.4,2,0.3,6,182
23.1,5,0.5,7,179
30.2,7,1.5,4,242
17.7,2,1.0,5,185
21.3,7,1.0,9,197
18.1,3,0.5,7,164
26.3,6,1.0,6,194
29.6,4,1.5,10,240
24.8,2,0.3,10,198
28.6,3,0.3,6,196
28.0,2,0.5,5,196
19.1,3,0.3,3,194
21.3,3,0.5,10,190
22.5,6,1.0,8,186
21.5,6,0.5,3,185
17.8,7,0.3,7,226
18.6,5,1.0,5,184
32.3,5,0.3,10,235
30.6,2,1.5,10,243
23.4,4,0.3,5,187
24.2,5,0.3,6,179
13.5,1,1.0,6,236
17.5,2,0.3,4,174
17.8,3,0.3,6,156
21.8,6,0.3,3,196
24.4,4,1.5,8,201
28.7,6,1.5,10,228
19.9,6,0.5,9,175
22.5,5,0.5,4,183
17.7,1,0.5,3,239
22.1,4,1.0,4,197
17.1,6,1.5,4,186
27.6,1,0.3,7,226
25.0,7,1.0,9,198
22.9,7,0.5,7,228
21.2,1,1.5,3,241
24.3,5,1.5,5,189
23.2,2,0.3,5,185
19.5,7,1.0,5,239
20.5,3,1.0,4,188
26.2,7,1.0,9,182
21.3,7,0.5,4,249
17.1,6,0.3,8,169
25.7,5,0.3,7,182
30.6,7,1.0,8,204
25.0,7,1.0,6,224
19.6,4,0.5,4,195
21.6,5,1.5,3,201
26.2,6,0.3,7,190
26.5,1,1.0,3,248
25.0,5,0.3,8,185
24.5,5,1.5,6,195
26.1,1,0.3,3,264
25.6,6,0.3,9,195
20.0,5,0.3,10,190
15.0,1,0.5,4,236
23.9,2,1.0,6,187
25.5,3,0.3,3,208
29.3,2,0.5,8,197
21.0,1,1.5,9,186
21.7,7,1.0,9,205
18.4,6,1.5,5,187
19.7,5,0.5,10,189
27.6,3,0.5,7,205
34.1,6,0.3,5,215
24.5,1,0.3,6,235
26.2,1,0.3,6,233
28.3,3,0.3,3,215
21.0,7,0.5,5,249
25.4,2,0.3,7,200
29.5,4,0.3,6,210
18.1,1,0.5,10,186
28.6,3,0.5,7,202
30.4,1,0.5,7,221
29.7,3,0.5,9,219
28.3,3,1.5,5,210
21.5,7,0.3,7,226
27.5,5,1.0,3,210
14.8,2,1.5,7,170
19.1,1,1.0,7,228
25.8,2,0.3,9,192
24.6,6,1.0,4,204
24.9,1,0.5,5,248
24.4,6,0.3,4,192
25.3,3,1.5,6,200
19.3,1,0.5,6,234
29.6,7,0.5,5,240
23.9,5,0.5,3,194
21.9,5,1.0,8,192
24.6,6,1.5,3,207
22.5,2,0.5,5,185
25.4,1,1.5,9,188
20.2,6,1.0,7,181
20.4,7,0.3,5,244
16.2,5,1.0,8,165
18.8,6,1.5,9,188
21.2,6,1.0,3,200
21.0,4,1.0,5,176
31.3,4,1.5,8,227
25.1,3,0.5,8,197
22.7,1,0.3,8,215
27.2,7,1.0,6,226
29.2,1,0.3,3,249
26.1,2,1.5,9,211
19.4,6,1.5,4,192
21.1,1,1.0,6,225
27.2,6,0.5,10,213
17.4,6,0.3,5,172
20.3,7,0.3,8,222
17.8,1,1.5,5,238
21.3,3,0.5,5,184
19.0,6,0.5,5,182
21.4,2,1.5,5,193
25.1,4,1.5,4,198
17.1,4,0.5,9,170
33.8,6,1.0,3,223
25.6,3,1.0,9,206
22.2,2,0.5,10,196
28.6,6,1.0,10,229
25.8,3,0.5,8,196
25.1,3,1.0,4,202
24.5,6,0.3,3,216
24.0,3,0.5,7,189
22.4,6,1.0,8,193
23.6,6,1.0,10,201
26.0,3,0.5,10,200
24.7,2,0.3,3,196
26.6,1,0.5,7,219
23.9,1,0.5,3,257
26.7,6,0.3,4,204
27.2,4,0.3,7,194
22.6,5,1.0,10,206
20.9,7,0.5,8,215
28.9,6,1.0,10,221
22.9,5,0.5,9,193
25.7,2,1.5,7,205
23.5,1,1.5,8,199
19.7,4,1.0,9,183
19.5,6,0.5,8,173
24.1,6,0.5,10,204
21.3,5,0.3,3,196
21.3,2,1.0,3,200
22.5,1,0.5,10,188
30.8,1,1.0,9,185
27.4,2,1.5,6,198
27.7,5,1.5,3,209
24.7,1,1.5,8,208
16.7,5,1.5,9,178
26.9,3,0.5,5,197
33.4,3,1.0,8,220
26.4,3,0.5,5,199
29.1,5,0.3,3,204
18.8,1,0.5,7,234
25.3,6,1.0,10,209
25.5,5,0.5,9,204
28.0,4,1.0,5,206
23.4,3,0.3,3,203
26.2,7,1.5,6,222
18.0,3,0.3,7,169
20.8,2,0.3,3,199
22.4,4,1.5,5,195
25.5,3,0.3,9,192
26.1,1,0.5,4,249
18.5,4,0.3,10,169
25.5,7,0.3,4,253
31.4,7,1.0,9,196
24.7,3,0.5,6,179
30.0,3,0.5,5,210
29.0,3,0.5,8,201
28.6,4,1.0,9,218
25.3,1,0.5,7,222
19.7,3,1.0,7,180
21.9,4,0.3,6,172
27.8,2,1.5,3,219
30.1,7,1.0,8,197
23.9,6,0.3,6,189
29.2,5,0.3,9,197
15.9,1,1.5,4,242
22.8,3,0.5,6,187
26.4,7,0.3,3,262
25.9,7,1.5,3,246
22.7,7,1.5,7,217
20.6,2,1.0,4,193
21.8,7,0.3,4,249
24.1,1,0.3,9,202
28.2,6,1.5,9,216
22.4,1,1.5,8,207
20.7,2,0.5,10,190
25.1,2,1.0,8,199
32.2,6,1.5,10,233
22.1,6,0.5,7,186
18.9,7,0.3,3,238
24.6,3,1.5,4,196
26.2,5,1.5,6,201
23.8,2,0.3,7,190
27.1,4,0.3,3,205
25.4,3,0.3,8,199
25.1,1,0.5,7,221
30.1,3,1.5,6,204
30.4,4,1.5,8,214
29.3,2,1.5,8,223
27.5,1,1.5,5,235
24.2,5,0.3,6,185
25.3,7,1.0,3,259
25.1,4,0.3,7,185
22.8,2,0.3,10,189
26.2,6,0.3,4,193
22.0,2,1.5,4,197
27.2,3,0.5,7,204
24.7,6,0.5,3,205
24.8,3,1.0,4,196
23.7,1,0.5,10,188
19.6,7,1.0,8,214
23.4,1,1.0,4,236
18.8,1,1.0,7,217
26.7,7,0.3,8,212
24.3,4,0.5,6,184
26.4,6,0.5,10,209
28.2,6,1.0,3,214
31.7,5,0.5,3,206
19.3,2,0.5,4,181
24.8,3,1.0,10,200
24.3,6,0.5,5,197
26.4,2,0.3,10,208
29.9,6,0.5,6,196
23.7,2,1.0,3,207
30.8,2,1.0,4,212
28.2,5,1.0,10,218
16.5,7,1.5,5,235
17.9,7,1.5,8,203
22.5,4,1.5,7,193
25.0,6,0.5,7,182
27.0,6,1.5,4,207
29.4,1,1.0,3,258
29.9,4,1.5,3,219
28.8,6,1.0,8,210
19.0,1,0.3,5,235
27.2,7,0.3,9,202
24.6,5,1.0,4,191
24.3,2,1.5,10,217
26.2,1,0.5,3,254
21.6,6,1.5,4,194
27.3,7,0.3,10,176
24.3,2,1.0,5,194
20.1,7,1.0,7,227
24.2,3,0.3,6,181
21.7,2,0.5,8,181
23.6,4,1.5,8,192
30.4,2,0.5,5,204
26.1,4,0.3,4,195
29.4,7,1.5,10,151
26.5,4,0.3,4,209
16.7,3,0.5,7,155
31.4,7,0.3,9,186
24.6,6,1.0,10,197
22.9,5,0.3,7,185
11.8,1,1.5,3,222
25.5,5,0.3,8,187
16.6,1,1.5,9,208
29.1,4,1.0,10,223
21.1,5,1.0,7,189
25.0,2,0.5,10,205
22.9,5,0.5,3,203
21.9,4,0.5,4,188
23.7,5,1.0,9,196
31.2,2,1.0,6,211
20.6,2,1.0,3,193
22.7,3,1.5,5,194
29.6,2,0.5,7,203
20.1,3,0.3,10,175
21.7,5,1.5,5,194
20.8,5,1.0,3,196
20.4,1,1.0,3,246
27.1,4,1.0,6,204
27.1,2,1.5,9,223
23.8,6,1.5,3,201
23.2,6,0.3,10,189
18.0,6,0.5,8,174
17.4,1,1.5,5,225
20.4,4,1.0,3,194
24.6,5,0.5,7,186
28.7,4,0.3,9,209
28.0,4,0.3,3,205
15.6,2,1.5,8,171
23.6,6,0.5,6,187
26.2,6,0.3,10,208
20.1,3,1.5,7,186
26.5,6,1.0,4,202
17.0,2,1.5,6,174
21.0,4,0.3,7,176
20.3,2,1.0,6,190
26.0,6,1.0,3,204
26.7,4,1.5,8,212
18.7,1,0.5,10,190
25.2,4,0.5,7,192
26.8,4,0.3,10,212
24.0,1,1.0,6,226
22.1,1,0.3,8,210
17.9,5,1.0,9,174
22.8,5,0.5,9,192
21.8,1,1.0,5,240
30.3,1,1.5,10,163
22.1,6,0.3,8,176
23.0,6,0.3,8,191
15.0,7,0.5,9,209
27.3,5,1.0,5,193
20.3,7,1.5,6,233
30.7,3,0.3,7,200
22.5,2,1.0,3,199
28.0,6,1.5,10,224
28.8,3,1.5,7,212
28.3,6,1.5,9,226
22.9,1,0.5,3,240
25.7,5,0.3,3,198
24.7,3,1.5,10,220
21.1,3,0.5,4,191
17.6,7,0.5,8,213
18.6,7,0.5,10,185
20.8,5,0.5,7,176
25.9,6,1.0,3,203
20.8,1,0.5,9,212
24.9,2,0.3,7,181
25.1,6,0.5,9,194
22.0,2,0.5,7,193
25.6,2,0.3,7,190
23.5,4,1.0,5,188
22.3,3,0.3,9,182
23.8,7,0.3,9,208
24.1,1,0.5,7,229
17.9,4,1.5,5,176
28.3,3,0.5,10,217
15.9,1,1.5,8,205
25.4,1,0.5,4,245
27.1,5,0.3,7,189
29.7,7,1.5,6,216
26.7,7,1.0,3,249
29.2,6,0.5,4,202
27.1,1,1.5,7,216
19.8,3,0.5,6,172
34.1,3,0.5,8,212
26.9,4,0.3,8,192
16.0,7,1.0,7,221
22.0,1,0.3,3,245
28.6,3,0.5,7,200
21.3,7,0.3,8,211
24.4,4,1.0,9,192
17.7,7,0.5,4,248
25.3,3,0.3,3,195
31.1,1,0.3,6,236
32.3,5,1.5,4,213
34.5,4,1.5,5,216
24.2,4,0.3,4,179
26.8,1,0.5,7,221
19.5,3,1.0,5,179
24.7,5,0.5,8,177
27.9,2,0.5,6,192
23.1,4,0.3,7,184
23.9,6,1.5,6,186
18.9,2,1.0,10,193
26.3,6,1.5,9,216
26.5,1,0.3,10,184
18.2,7,0.5,9,199
28.3,3,1.5,10,226
24.5,6,1.0,7,198
21.6,1,0.3,8,207
29.8,4,0.3,5,215
25.0,3,0.3,4,194
32.8,7,0.3,3,252
21.3,3,1.5,7,183
23.2,3,0.5,8,186
23.8,7,1.5,6,221
14.5,3,1.0,10,177
28.9,1,0.3,8,208
23.4,2,0.5,5,193
22.1,6,1.0,10,196
25.5,2,0.5,3,208
25.0,5,0.3,5,198
23.2,6,1.5,3,203
19.9,7,1.5,4,226
25.7,1,1.0,10,167
24.5,6,0.5,5,193
25.8,5,1.0,5,196
23.7,3,0.5,5,197
15.4,2,0.5,10,174
22.8,3,1.0,4,194
20.0,4,1.0,4,190
15.1,7,0.3,7,223
20.9,5,1.5,6,183
27.4,4,1.0,10,221
17.6,6,1.0,7,175
19.0,3,1.0,6,175
25.2,3,0.5,3,200
13.7,4,0.3,7,150
25.9,3,1.0,7,195
25.7,6,1.0,6,194
16.3,6,0.5,7,171
26.0,3,0.5,5,187
21.8,2,0.3,10,183
18.0,4,1.0,9,185
34.0,4,1.5,9,238
19.7,5,1.0,6,175
18.5,6,0.3,5,172
25.4,7,0.5,6,235
28.4,6,0.3,10,204
21.5,7,0.3,7,221
24.7,3,1.5,3,206
29.6,1,1.5,6,230
25.5,7,1.0,6,238
27.8,6,1.5,10,221
17.6,6,1.5,5,174
22.7,4,1.5,7,189
27.3,2,1.0,5,200
19.5,6,0.3,5,182
21.9,2,1.5,7,190
22.3,5,1.5,8,196
32.8,7,1.0,9,193
23.7,3,1.5,3,203
23.6,5,1.0,7,188
26.9,6,1.5,5,199
19.3,3,1.0,8,177
19.0,6,1.5,5,189
22.0,7,0.3,10,190
30.7,2,0.5,8,208
26.2,3,1.5,3,216
26.2,7,0.5,10,175
25.8,2,1.0,3,207
23.5,5,1.5,5,198
22.0,5,0.5,8,182
27.5,6,1.0,5,196
25.7,6,0.5,4,203
24.2,1,1.5,6,231
22.6,7,0.5,9,197
23.5,5,1.5,7,195
28.5,7,0.5,4,251
24.7,5,1.0,3,211
21.6,6,1.0,10,199
30.4,6,1.0,10,238
17.2,3,0.5,10,173
28.6,5,0.3,10,211
19.0,1,1.0,8,204
29.6,1,1.0,6,226
28.9,2,0.3,6,202
21.4,3,1.5,5,193
26.0,2,0.3,5,193
28.7,2,1.0,3,212
18.7,5,1.5,10,188
17.1,3,1.0,10,175
29.3,5,0.3,4,205
20.3,1,1.0,8,210
22.6,4,1.5,8,201
28.4,7,1.0,6,234
19.1,6,0.3,5,177
23.9,2,0.3,7,185
27.7,4,0.5,4,203
19.6,7,0.3,10,196
24.8,5,1.0,6,202
24.8,4,1.5,8,196
23.8,4,1.5,9,207
21.8,4,1.0,8,195
24.6,6,1.0,6,197
23.0,5,0.5,6,190
27.2,7,0.5,7,225
20.8,1,1.5,5,239
29.6,3,0.5,3,202
23.0,6,0.5,4,190
30.4,6,1.5,3,214
30.4,6,1.5,10,236
21.8,6,1.0,6,185
27.6,1,0.5,7,221
25.7,3,0.3,3,202
25.2,7,1.5,8,202
27.4,4,0.3,10,215
24.8,7,1.0,8,196
19.4,5,1.0,9,185
21.6,5,0.5,4,184
24.4,6,0.3,10,194
28.9,7,1.0,8,202
20.5,2,1.0,10,195
27.6,2,1.0,3,206
29.8,2,1.5,8,219
18.7,6,0.5,5,180
19.4,3,1.0,7,187
28.0,6,1.0,3,208
25.0,4,1.0,8,193
15.7,4,1.5,3,187
31.1,7,0.3,9,192
25.7,2,1.5,4,197
16.8,3,1.5,5,178
20.4,3,0.3,4,192
24.0,1,0.3,7,222
23.0,7,0.3,3,249
26.3,4,0.3,10,197
23.2,6,1.5,7,190
23.3,1,1.0,7,215
21.9,7,1.0,8,205
22.3,5,1.5,8,196
24.9,3,0.5,8,199
21.1,5,0.3,7,184
27.2,2,0.5,3,208
24.1,3,0.3,6,179
15.6,7,1.5,8,205
26.0,4,0.5,6,196
26.8,7,1.5,8,194
33.7,4,1.0,9,233
25.8,4,1.5,9,210
22.1,1,0.3,9,210
18.2,2,1.5,5,180
22.3,4,0.5,6,185
26.2,6,0.3,8,202
27.9,4,0.3,8,201
20.1,5,0.5,3,190
18.7,3,1.0,9,180
26.1,5,0.5,9,211
18.0,1,1.0,3,233
18.6,6,1.5,10,195
25.6,3,0.3,3,205
24.8,1,0.3,10,181
24.3,5,0.5,9,185
24.7,3,1.0,9,206
14.4,7,1.0,9,195
22.7,3,1.5,7,198
22.2,6,0.5,6,182
25.1,4,0.5,8,191
19.5,5,1.0,7,179
23.3,4,0.3,10,185
22.9,3,1.5,9,201
14.3,1,0.5,10,197
14.3,4,1.5,4,172
26.7,2,1.0,7,195
25.9,7,1.0,6,223
26.6,6,0.3,4,207
25.6,2,0.5,8,190
22.8,7,0.3,8,217
26.6,2,1.5,8,218
22.2,1,1.5,6,234
23.8,4,0.5,4,194
21.1,3,1.0,6,189
16.0,6,1.0,8,171
17.9,6,1.0,8,169
23.9,7,1.5,7,221
28.2,6,1.0,3,210
22.2,7,1.0,5,239
24.7,1,0.3,6,229
21.5,1,0.5,9,200
17.1,3,1.0,3,190
22.9,5,1.5,10,203
24.5,5,1.0,10,206
23.0,3,0.3,7,175
22.0,5,1.0,3,195
25.0,3,1.0,5,193
24.5,6,1.0,5,206
26.1,6,1.0,10,227
25.2,4,1.0,7,203
24.3,7,0.5,8,219
23.9,3,0.3,4,191
22.3,7,0.5,3,246
19.2,6,0.3,3,190
27.1,4,0.3,9,199
21.8,4,0.5,4,190
27.4,2,1.0,3,207
25.0,3,1.0,6,198
24.2,2,0.5,6,183
20.3,2,0.5,4,189
16.9,7,0.5,6,234
30.8,7,0.5,7,225
19.0,7,1.5,8,210
22.7,6,0.5,9,190
22.9,1,1.0,10,189
22.2,6,0.3,7,181
21.4,4,0.5,10,187
20.1,5,1.5,7,190
25.7,2,1.5,10,219
24.8,1,0.5,8,214
23.6,4,0.3,8,185
24.3,1,0.5,7,228
21.3,6,1.0,7,190
25.1,2,0.5,8,188
21.4,6,1.0,4,189
28.9,2,1.5,9,220
29.3,7,0.5,4,253
25.6,2,1.5,8,210
20.1,6,1.0,6,183
19.9,5,1.0,4,182
24.9,6,1.5,10,219
29.8,5,1.5,5,212
21.8,6,1.0,9,194
24.6,5,1.0,5,191
28.7,3,1.0,7,212
19.8,5,1.5,7,187
28.0,6,0.5,3,211
30.1,2,1.0,5,219
23.6,7,1.0,6,237
20.3,7,1.5,8,213
19.3,2,1.0,9,178
26.6,2,1.0,3,211
22.8,2,0.5,9,188
29.2,7,1.0,5,245
28.9,3,1.5,5,206
27.2,5,1.5,6,202
25.3,6,0.5,6,189
24.9,4,1.0,7,191
26.2,3,1.5,5,207
31.7,4,1.5,6,216
20.2,3,0.3,9,178
28.8,6,0.3,6,198
22.6,7,1.0,4,238
26.8,4,1.0,5,205
18.5,1,0.3,10,196
29.4,3,0.5,5,207
20.8,1,0.3,9,205
23.0,5,1.0,4,196
18.3,3,0.3,4,169
23.3,2,0.3,7,189
21.0,1,1.5,5,238
24.0,7,0.5,4,245
30.4,5,0.3,4,206
25.1,1,0.3,4,251
17.0,5,1.0,3,189
13.3,2,1.5,4,170
23.4,3,1.0,6,185
18.3,2,0.5,8,168
26.9,2,0.5,6,190
22.7,6,0.3,10,191
25.5,1,1.0,6,227
30.0,2,1.5,10,246
27.9,4,0.5,9,204
23.4,6,0.5,5,190
21.1,1,0.5,5,239
29.9,5,1.0,4,213
24.8,4,1.5,8,195
26.6,7,0.5,6,233
24.7,1,1.5,5,229
29.1,1,0.3,10,184
24.6,2,0.5,7,189
23.2,2,1.5,6,196
28.9,5,0.5,8,202
24.5,6,0.5,3,195
28.3,6,0.5,10,218
28.6,1,1.0,8,200
22.5,3,0.5,3,195
28.8,7,0.5,10,170
27.5,6,1.5,6,202
30.0,4,0.3,9,212
24.1,1,1.5,10,167
25.9,2,1.5,3,206
25.6,6,0.3,7,185
29.2,1,1.0,8,201
18.5,5,1.0,7,176
22.1,2,0.5,7,188
24.6,1,0.5,8,218
26.0,2,0.3,5,199
27.9,3,0.3,10,207
27.7,6,0.5,4,210
18.6,4,0.3,10,166
23.7,5,1.5,8,210
30.6,7,0.3,5,257
15.9,2,1.5,8,174
27.4,7,1.5,9,188
21.5,4,0.5,6,170
23.3,2,0.5,3,193
26.2,5,0.5,3,219
30.2,5,0.3,3,207
25.9,5,0.5,7,198
31.2,3,1.5,6,218
27.8,2,1.5,6,203
25.8,7,1.0,6,231
30.4,7,1.0,10,161
30.8,7,1.5,5,235
25.6,5,0.5,3,211
15.6,5,1.5,7,171
29.1,2,1.5,8,219
14.8,7,1.0,3,240
17.3,1,1.5,10,181
20.7,7,1.0,10,177
20.8,2,1.0,8,188
30.2,6,0.5,4,208
29.7,1,1.0,5,245
27.8,2,1.0,4,205
26.6,5,1.5,9,210
17.3,5,1.0,9,175
18.3,1,1.0,7,215
25.8,5,1.5,4,196
27.2,5,0.5,10,219
24.0,1,0.3,10,185
20.8,1,1.5,10,175
24.9,4,1.5,5,202
24.8,7,1.0,3,252
24.6,2,1.0,4,207
21.4,4,1.5,4,194
24.0,3,1.0,5,190
27.5,1,1.5,10,160
28.0,6,1.0,6,202
14.7,4,1.5,3,183
23.3,4,1.0,9,195
26.1,7,0.5,3,250
28.0,4,0.3,5,204
19.4,6,0.5,4,178
18.0,4,1.0,3,194
18.6,2,0.3,9,162
20.6,3,1.0,9,195
19.8,7,0.5,9,199
18.5,2,0.3,8,169
23.5,5,1.5,8,200
27.4,6,0.5,7,197
21.4,1,0.3,8,209
19.8,6,0.3,4,174
30.8,6,1.5,3,210
20.2,7,0.3,5,242
21.0,3,1.5,9,189
23.9,3,1.0,10,208
24.3,2,0.5,7,195
26.2,2,1.5,10,230
18.0,3,0.5,6,169
23.2,6,0.5,10,197
20.8,4,1.0,10,191
18.0,4,0.3,3,187
31.6,4,0.5,9,217
24.0,6,1.0,10,206
26.2,1,0.3,4,255
24.5,4,0.5,6,191
21.6,7,1.0,6,224
22.7,4,0.3,10,191
32.8,5,0.3,8,206
24.6,4,1.5,7,199
24.7,5,1.5,4,198
26.1,2,0.5,6,199
23.1,1,1.0,10,172
23.2,3,0.3,4,193
18.5,4,1.0,4,183
29.9,4,1.5,8,208
23.3,3,1.0,4,194
25.6,3,0.5,7,194
27.1,7,0.5,5,239
22.1,4,1.5,3,199
20.2,2,0.5,7,178
24.3,2,0.3,8,186
23.9,5,1.0,4,195
27.3,7,0.3,5,239
18.1,4,1.5,5,180
16.2,2,1.0,3,191
23.3,5,1.0,8,193
22.6,2,0.3,3,193
23.7,3,0.3,5,193
18.6,7,1.5,5,237
21.3,7,0.5,7,221
31.8,2,1.5,4,215
23.9,3,0.3,10,192
20.6,3,0.5,6,179
25.2,1,0.5,7,223
25.7,5,0.3,9,193
17.8,4,1.5,3,196
23.8,2,0.5,6,184
26.8,6,0.3,7,187
17.7,4,1.0,3,186
15.2,1,0.5,3,229
23.9,5,0.3,3,207
27.5,6,0.5,7,195
32.8,3,0.3,6,213
29.0,7,0.5,10,183
33.1,6,1.0,9,239
21.8,3,0.5,7,181
25.8,7,1.5,6,223
18.5,5,0.5,7,174
24.0,7,0.5,4,244
30.3,3,0.3,4,198
23.9,1,1.0,3,242
23.0,6,1.5,7,194
27.7,3,1.5,4,214
22.0,5,1.0,8,185
25.0,6,0.3,3,202
26.8,7,0.3,5,245
18.7,3,1.0,3,195
29.9,4,1.5,7,215
29.2,5,1.5,7,212
25.7,4,0.3,6,194
25.5,7,1.5,10,163
24.2,4,0.3,5,190
23.7,6,1.0,7,184
24.5,3,1.0,7,211
31.6,7,1.0,5,241
28.5,6,1.0,10,233
27.4,5,1.0,9,210
18.8,1,0.5,5,232
28.3,4,1.5,8,213
26.0,2,1.0,5,194
16.1,4,0.3,6,166
16.3,4,0.3,5,159
23.8,6,0.5,7,188
22.9,1,0.3,10,195
20.4,3,0.5,3,191
30.8,1,1.5,10,163
23.8,3,1.5,3,196
27.4,4,1.0,4,210
19.6,7,1.5,8,203
26.8,7,0.3,10,185
28.4,4,0.3,3,208
20.3,5,1.0,10,183
30.1,1,0.5,9,189
23.4,7,1.0,3,244
26.2,5,0.5,8,189
27.0,1,1.0,3,253
19.6,5,1.0,6,184
30.1,1,0.3,9,200
14.9,6,1.5,10,179
27.2,7,1.5,8,201
22.5,6,0.3,8,193
22.2,6,1.0,5,199
18.8,4,1.0,4,185
23.6,3,1.0,7,192
33.7,5,1.0,4,214
31.7,1,0.3,4,249
25.2,3,0.3,8,190
16.0,6,0.5,4,177
20.4,2,0.5,10,182
19.5,4,1.5,9,185
16.6,7,0.5,10,191
23.8,2,1.0,3,203
20.9,4,1.5,10,205
23.2,1,1.0,7,217
28.2,2,0.3,3,216
28.3,5,1.5,9,225
17.0,5,1.0,8,164
20.8,7,0.3,9,204
25.8,2,1.0,9,203
31.3,1,1.5,7,220
28.5,5,1.0,4,201
28.2,7,0.3,6,240
28.7,5,0.5,7,199
31.9,6,0.3,9,222
25.1,2,0.5,8,187
26.8,7,0.5,5,236
22.9,6,0.5,4,186
19.3,1,1.0,9,196
21.1,4,0.3,9,165
26.3,5,1.0,10,211
19.0,6,1.0,3,187
23.8,1,0.5,9,200
19.6,2,0.5,6,168
23.0,7,0.3,5,240
30.0,4,0.5,8,208
22.5,7,0.3,8,226
17.6,6,0.3,10,168
29.4,2,1.0,10,226
24.2,6,1.0,7,192
25.6,5,0.3,9,206
19.1,2,0.3,9,178
29.6,2,1.0,3,210
18.9,2,1.5,5,191
19.6,1,0.3,4,242
28.6,7,0.5,5,250
19.6,4,1.5,9,196
19.7,2,1.0,7,180
26.5,7,0.5,10,176
18.7,7,0.3,9,205
26.3,2,1.0,4,209
30.8,2,1.5,7,216
25.8,2,0.5,3,207
28.0,5,0.5,4,195
23.2,2,0.5,5,180
30.3,5,1.5,5,211
24.9,4,0.5,10,198
18.8,7,0.5,4,243
30.1,2,0.5,6,211
26.6,6,0.3,10,206
29.7,2,1.0,4,205
15.8,1,0.5,8,214
21.4,7,1.5,6,232
28.7,2,0.5,5,192
19.6,4,1.5,7,182
18.9,3,0.3,7,170
20.2,5,0.3,10,179
26.6,4,1.0,10,215
24.1,4,1.5,5,198
24.3,3,0.3,8,195
12.8,6,1.5,6,166
23.1,4,0.3,5,173
26.2,3,0.5,7,197
22.9,6,1.0,3,205
25.4,6,0.3,8,191
25.1,7,1.0,5,246
22.2,3,1.0,10,199
21.1,5,1.0,3,195
22.0,1,0.5,9,195
29.7,2,0.5,10,228
27.4,3,0.5,8,192
26.3,2,1.0,9,203
19.2,4,0.3,4,184
20.4,4,0.3,6,171
23.9,2,0.3,4,191
21.1,4,1.5,7,190
17.7,5,1.0,9,169
19.6,7,1.5,6,220
21.5,2,0.3,5,177
24.4,6,1.0,9,199
24.7,6,1.0,10,200
19.5,6,1.5,5,191
26.1,6,1.0,8,194
16.3,5,0.3,5,169
25.2,3,1.0,8,190
24.5,2,1.0,7,194
23.4,4,1.0,6,188
20.6,7,1.5,7,208
22.4,6,0.3,8,192
23.9,6,1.0,7,193
24.8,6,1.0,9,198
22.5,3,1.5,4,197
21.5,1,1.0,3,243
17.2,1,0.3,8,210
24.3,7,0.5,3,248
28.8,4,1.0,5,212
28.8,7,0.3,7,227
26.5,5,0.5,10,204
26.7,6,0.5,4,190
26.1,7,1.0,9,188
28.0,7,1.0,10,168
26.0,5,0.5,4,197
21.0,6,1.0,9,192
25.7,5,1.5,8,210
28.9,1,1.5,8,196
18.1,6,0.5,10,183
22.8,5,1.0,9,192
25.9,7,1.0,3,251
26.1,6,0.3,7,197
25.9,1,0.3,4,251
23.7,6,0.3,5,192
22.5,4,1.0,6,187
28.4,6,1.5,6,209
25.6,5,0.5,8,206
26.2,4,1.5,9,209
20.2,1,0.5,4,246
27.7,3,1.0,8,201
27.2,6,1.5,6,207
19.0,4,1.5,4,187
20.5,6,0.5,7,182
22.1,3,1.5,9,206
22.5,2,0.5,4,187
26.6,4,0.3,4,210
32.5,7,0.5,10,174
28.4,4,1.0,5,204
20.1,7,1.5,8,207
22.5,6,0.5,3,192
21.1,4,1.0,10,193
21.6,6,0.3,7,171
21.2,3,0.3,8,182
22.5,1,1.5,9,186
21.8,3,1.0,8,192
23.9,2,0.5,4,197
23.6,7,1.0,3,251
32.3,6,0.5,10,228
24.3,5,1.0,10,210
29.3,4,1.5,3,217
34.3,4,1.0,7,227
19.5,3,0.3,5,180
26.6,1,0.5,10,176
23.8,1,0.5,6,234
27.8,4,1.0,4,199
16.8,4,0.3,6,171
21.1,2,1.0,8,193
24.2,6,0.5,6,194
17.2,6,1.0,7,176
26.5,3,1.0,5,196
33.5,4,0.5,8,221
23.8,5,1.0,10,206
29.0,3,0.3,8,199
20.8,5,0.3,6,177
26.5,5,1.0,4,209
28.8,4,0.3,5,201
26.9,1,1.5,10,174
26.0,3,1.5,8,210
23.1,4,1.0,4,196
26.3,4,0.3,6,189
14.4,7,1.0,5,237
21.7,5,0.5,7,181
25.6,1,0.3,7,223
25.2,7,1.5,5,230
29.2,2,0.5,10,220
22.0,2,0.5,7,183
32.0,4,0.5,7,212
28.8,2,1.0,4,217
26.2,3,1.0,5,200
21.0,5,1.5,10,201
20.4,7,1.0,7,218
26.7,7,0.3,8,219
18.5,6,1.5,4,184
23.6,1,1.5,8,199
24.2,4,1.0,3,199
25.0,6,1.5,4,190
23.0,3,1.5,7,197
28.9,6,0.3,3,205
19.8,2,1.0,8,187
31.8,1,1.5,10,158
30.2,5,1.0,3,217
29.5,4,0.5,9,208
20.3,5,1.0,8,185
25.3,1,1.5,7,212
28.3,2,1.5,10,231
26.0,3,0.5,4,194
24.2,7,0.3,7,222
22.8,5,1.0,3,194
20.0,3,1.0,6,181
22.1,1,0.3,3,253
28.8,4,1.0,3,208
27.3,3,0.5,3,212
22.6,3,1.5,6,190
17.8,7,1.5,6,231
20.8,1,0.5,7,236
21.5,6,1.0,6,185
20.7,1,1.0,3,256
38.2,1,0.5,7,226
29.2,2,1.5,6,212
25.6,1,1.0,7,213
23.7,5,1.5,3,208
24.8,1,1.5,5,235
25.3,3,1.0,10,214
26.3,4,1.5,10,229
19.3,2,1.0,8,180
31.4,2,0.3,8,208
17.0,1,0.5,10,182
22.7,3,0.5,10,196
27.3,5,0.3,8,208
20.0,5,0.5,10,183
16.4,5,0.3,5,164
19.1,5,1.5,10,192
22.1,2,0.5,7,172
23.9,5,0.3,3,207
33.3,1,1.0,6,228
27.4,1,0.5,3,245
28.6,5,1.5,5,208
26.4,7,1.5,3,251
21.9,6,1.5,6,185
27.2,4,0.5,6,194
28.0,1,1.5,8,194
23.1,3,0.3,6,193
27.1,2,0.5,3,203
28.5,2,0.3,5,203
13.9,2,0.3,4,168
20.4,1,0.5,8,225
23.4,6,1.0,8,187
13.7,3,1.5,9,172
24.4,6,1.0,9,193
29.3,6,1.0,7,211
22.0,6,0.3,5,183
17.9,1,1.0,4,242
22.4,3,1.0,10,200
30.7,7,0.5,5,251
22.2,7,0.5,7,229
22.3,1,1.0,8,215
24.6,5,1.0,9,201
27.3,7,1.0,4,243
21.1,5,0.5,6,178
23.3,6,0.3,9,189
27.3,7,0.5,7,225
25.8,7,0.5,4,250
29.8,1,1.0,9,180
21.1,3,0.3,6,169
29.9,2,1.0,4,208
32.9,2,1.0,9,228
31.1,6,0.5,8,211
23.8,7,1.0,9,201
28.0,5,0.5,3,206
32.9,1,1.0,8,202
19.7,2,0.3,4,190
23.5,7,0.3,10,186
21.9,5,0.3,9,183
26.8,5,0.5,10,202
25.0,4,0.3,3,197
25.3,3,1.0,3,197
26.0,6,1.0,6,200
27.2,3,0.3,3,211
25.5,6,1.5,8,208
21.7,7,1.5,7,220
28.7,7,0.5,4,246
31.4,6,0.3,3,211
24.2,3,1.5,9,205
23.1,6,0.5,6,178
30.4,1,1.0,3,249
22.7,1,0.3,9,201
28.7,3,0.5,8,210
22.5,4,1.0,10,204
22.9,7,0.3,5,247
23.8,3,0.3,4,195
23.4,6,0.5,10,196
21.5,6,1.0,6,188
15.4,1,1.5,10,182
30.6,4,0.5,9,212
32.0,6,0.3,4,206
26.2,4,0.5,9,196
18.5,5,1.0,9,183
29.8,1,0.3,4,252
26.4,4,1.5,10,225
31.4,4,1.0,3,210
23.9,4,0.5,7,183
25.2,3,0.5,6,199
25.1,3,1.0,4,204
19.7,4,0.3,9,186
22.8,4,0.5,7,187
20.7,2,1.5,3,200
23.0,4,1.5,3,210
20.5,2,0.5,3,197
22.2,6,0.3,9,178
28.6,6,0.5,3,202
25.2,7,0.3,5,246
21.8,3,0.5,5,181
26.8,2,1.5,8,207
29.0,5,0.5,7,201
21.8,1,0.3,7,230
20.0,1,0.3,5,251
17.0,3,1.0,6,178
25.9,2,1.0,4,203
25.3,5,1.0,8,201
15.3,5,1.0,7,162
28.5,1,1.5,4,237
31.4,3,1.0,8,219
27.4,5,1.5,9,210
32.6,4,0.3,10,225
23.4,6,1.5,7,191
18.0,6,1.0,3,190
26.2,6,0.5,7,197
22.3,7,1.5,9,198
24.5,2,0.3,3,191
23.1,3,0.5,6,193
13.7,6,0.5,4,173
20.0,3,1.0,8,187
21.6,2,1.0,5,182
24.2,4,0.5,5,185
27.3,4,0.5,9,200
29.2,2,0.3,10,210
25.7,3,1.0,8,196
25.2,2,1.0,5,197
23.1,2,1.0,10,203
20.1,3,0.3,8,170
23.6,4,1.5,7,190
24.3,5,1.0,4,202
21.3,2,0.5,8,191
20.6,3,1.0,7,181
26.0,3,1.5,3,205
23.8,2,0.5,6,192
30.3,4,0.5,8,206
22.4,1,1.0,5,249
20.3,3,0.5,5,191
21.4,2,0.3,10,186
31.1,5,1.0,6,212
24.8,5,0.3,8,188
19.7,4,0.5,4,177
26.3,1,1.5,3,244
19.9,4,0.5,4,179
21.6,2,0.5,3,198
22.9,2,0.3,3,191
25.9,6,1.5,7,206
19.0,1,0.3,4,238
28.5,1,0.3,8,214
22.4,3,0.3,8,193
20.8,1,1.5,8,207
24.4,2,1.5,10,213
27.4,1,0.5,9,196
32.4,6,0.5,9,227
18.3,5,0.3,5,172
23.9,4,0.3,6,189
21.9,4,0.3,8,180
27.4,7,0.5,6,233
28.8,5,1.5,6,215
23.9,6,1.0,9,206
29.4,3,1.0,6,207
24.8,3,1.5,7,197
30.6,6,1.0,4,221
21.6,2,0.3,7,173
31.0,6,0.5,5,198
13.2,5,0.5,5,169
18.0,4,0.3,8,162
26.5,7,0.3,4,248
28.5,7,1.5,9,181
18.5,5,1.0,9,177
21.9,6,1.5,6,189
25.2,3,1.5,8,205
21.2,3,0.5,9,177
28.5,3,1.5,10,237
19.7,5,1.5,8,185
29.4,1,0.5,6,231
30.3,6,0.5,9,216
25.3,6,0.5,4,198
20.2,4,1.5,10,203
23.0,3,1.5,8,206
20.3,6,1.5,6,194
20.0,7,1.5,8,206
14.9,1,1.5,4,237
31.2,1,0.3,6,232
21.7,7,1.5,8,200
21.5,3,0.3,5,186
19.6,4,0.5,10,183
23.1,2,1.5,4,199
23.5,5,1.0,8,191
13.0,1,0.3,8,219
28.9,6,0.3,9,204
24.3,6,1.0,7,191
24.2,1,1.5,10,167
17.9,1,0.3,10,186
23.1,6,1.5,4,201
22.0,2,0.5,6,162
30.1,4,0.3,8,211
20.6,6,1.0,4,186
24.7,7,1.5,4,240
22.0,2,1.0,8,180
21.8,1,1.5,5,240
22.5,5,0.3,7,180
17.4,1,0.5,8,218
24.8,7,1.5,3,253
26.8,7,0.5,4,258
26.0,4,1.5,5,205
25.9,6,0.3,4,193
22.6,2,1.0,4,190
26.0,2,0.3,10,207
23.5,3,0.5,3,196
24.6,3,1.0,4,197
27.9,4,1.0,7,212
26.0,6,0.5,8,192
25.3,6,1.5,3,214
18.3,7,1.0,7,218
14.2,3,0.5,3,179
23.4,7,0.5,5,238
24.6,4,0.5,9,198
24.1,6,1.5,4,198
24.6,4,0.5,6,189
20.4,4,0.3,8,178
11.8,1,0.3,5,227
26.2,4,0.5,7,195
26.1,3,1.0,8,192
26.4,1,0.3,9,203
29.9,1,1.5,8,193
31.0,6,1.0,10,228
26.7,5,0.5,10,207
29.5,4,0.3,6,201
26.6,2,1.0,10,218
20.7,1,0.3,10,190
22.6,1,0.5,7,217
19.4,5,1.5,7,185
21.6,5,0.5,6,182
24.6,4,0.5,9,200
23.3,7,0.3,5,248
24.3,5,0.5,5,196
18.0,3,1.5,3,196
19.6,2,0.3,5,181
24.4,7,1.0,3,246
27.4,1,1.0,4,246
32.8,6,1.5,8,230
17.0,6,0.3,5,171
19.6,4,0.3,5,177
26.1,5,0.3,6,194
23.1,4,0.5,9,197
25.5,4,1.5,6,203
28.5,3,0.3,9,206
20.0,2,0.3,7,176
20.2,5,0.3,4,181
22.9,4,0.3,8,181
25.1,6,0.5,4,198
26.0,2,0.3,8,189
27.4,2,1.0,6,197
22.1,3,0.5,5,185
26.1,3,1.0,3,206
24.3,1,1.0,3,251
30.9,3,0.5,7,206
29.6,2,1.5,10,236
27.1,7,1.0,6,231
23.2,6,0.5,7,183
14.7,6,1.0,3,189
30.3,5,1.0,10,227
19.0,5,1.0,10,186
19.8,1,0.3,10,192
26.1,5,0.3,4,197
29.7,2,0.5,9,218
23.3,2,1.0,3,197
22.2,6,0.5,10,188
21.6,1,1.0,10,170
25.4,1,1.0,9,206
25.1,3,1.0,4,195
26.0,6,0.5,3,201
17.1,7,0.3,8,223
28.7,7,1.0,7,214
19.9,3,0.5,3,194
22.0,7,1.0,8,215
25.2,5,1.5,7,198
27.2,2,1.5,4,212
23.2,4,0.5,5,194
18.1,6,1.0,5,183
27.0,6,0.3,10,206
24.0,6,0.5,9,196
24.9,2,1.0,6,197
22.9,3,0.3,4,191
25.6,3,0.3,6,191
28.2,6,0.3,9,209
25.1,5,1.5,9,207
25.6,2,1.0,6,194
21.2,5,1.5,6,194
24.5,1,1.0,5,246
20.5,5,1.0,7,182
16.0,3,0.3,10,169
23.6,3,0.5,7,186
21.3,7,0.3,10,203
20.1,3,1.0,8,184
18.9,7,1.0,9,197
24.7,3,1.0,3,200
21.5,3,0.5,4,197
27.5,6,1.0,9,212
16.8,1,1.0,10,188
28.1,7,1.0,6,227
22.0,5,0.3,5,180
25.0,7,0.5,8,217
22.5,4,0.3,6,185
24.1,2,0.3,3,206
28.1,7,0.5,3,254
26.6,4,1.5,8,214
21.1,6,1.5,7,185
25.4,7,1.5,9,180
21.8,3,0.5,10,192
16.4,5,1.5,3,198
22.8,5,0.3,8,189
26.4,2,1.5,10,222
31.1,5,0.3,4,205
30.9,2,1.0,10,239
20.8,6,0.3,10,183
19.6,1,1.5,4,249
16.9,4,1.0,3,188
21.9,6,0.3,10,191
17.9,4,0.3,6,167
31.5,6,0.5,8,218
23.9,6,0.5,7,189
28.7,5,0.3,5,200
27.3,7,0.5,10,176
25.5,5,1.0,5,188
27.7,1,1.0,8,209
31.5,7,0.3,7,225
29.9,2,0.5,9,213
31.7,6,0.5,4,210
22.5,4,1.5,7,194
23.6,6,0.5,7,183
24.7,6,0.5,5,190
28.7,2,1.5,5,210
20.9,4,1.0,5,180
26.0,3,0.5,5,185
24.7,4,1.5,4,205
23.2,3,0.5,5,186
25.0,4,1.5,10,210
22.7,4,1.5,9,199
24.2,2,0.3,6,195
23.2,6,1.5,8,185
20.2,4,1.0,6,176
30.5,2,0.3,4,203
19.0,7,0.3,10,184
26.5,2,1.0,3,213
24.4,2,0.5,8,200
29.0,4,0.5,5,207
26.9,5,0.5,3,204
24.5,7,1.5,7,218
30.1,5,1.5,3,218
23.8,2,1.0,3,206
22.4,3,0.3,6,183
25.5,2,1.5,8,208
25.0,1,1.0,7,224
22.3,2,0.5,8,189
29.5,5,0.3,9,202
34.5,1,1.0,9,181
27.1,6,0.5,10,214
19.8,1,1.5,8,194
19.7,6,0.3,3,192
22.5,5,1.0,5,189
24.3,5,1.5,8,202
20.5,7,1.5,3,246
26.5,1,1.0,8,195
21.6,5,1.5,4,193
25.9,2,0.3,3,198
23.9,7,1.5,10,173
28.7,5,0.5,7,191
20.9,6,1.0,6,193
31.9,3,1.0,5,213
22.2,1,1.5,3,232
25.4,3,1.5,8,200
23.3,4,1.0,4,196
23.2,6,0.3,8,182
20.7,1,0.3,8,216
23.2,7,1.5,9,183
27.1,3,1.0,8,200
21.4,5,0.5,3,184
25.4,2,0.3,3,194
26.3,7,0.5,3,259
23.8,3,1.0,8,202
16.1,1,0.5,8,214
19.7,6,1.5,9,191
28.2,4,1.5,5,211
26.4,2,0.5,4,199
25.2,2,0.3,8,189
27.2,5,1.0,10,219
21.8,4,0.3,10,183
29.2,5,1.0,8,208
27.7,1,1.0,5,236
22.3,7,0.5,3,251
25.1,2,0.3,10,198
23.0,6,1.5,3,201
23.8,1,0.5,10,183
29.0,4,1.5,5,206
23.6,3,1.5,6,198
19.0,1,0.5,7,219
30.8,6,0.3,3,215
26.3,6,0.5,6,181
33.1,2,1.0,7,216
24.1,6,1.0,5,193
21.1,2,0.3,6,176
23.2,4,0.5,4,192
30.5,6,0.3,4,208
31.1,3,1.5,4,223
29.5,2,1.0,8,216
28.2,1,1.0,5,248
27.3,1,0.5,6,222
29.3,5,0.5,3,207
22.3,7,1.5,6,228
25.9,7,1.0,8,209
24.3,1,1.0,7,224
28.8,3,0.5,4,205
31.3,6,0.3,8,209
23.4,2,0.3,9,190
12.3,2,1.0,4,175
22.6,3,0.3,5,188
19.7,7,1.5,4,238
22.0,7,1.5,10,169
28.5,5,0.3,5,202
21.4,5,1.0,4,192
16.5,3,0.3,9,169
27.7,3,0.3,6,202
26.8,6,1.5,5,199
32.4,4,0.3,5,207
25.3,4,1.0,8,201
22.0,1,0.3,9,201
29.9,4,1.5,8,214
21.6,6,0.3,7,178
23.4,4,1.5,7,207
24.8,2,0.3,5,187
19.5,6,1.0,9,183
36.5,6,0.3,9,235
17.5,4,1.0,7,174
17.9,5,1.5,4,183
28.2,6,1.5,4,200
28.6,7,1.0,3,253
26.9,5,1.5,7,205
25.0,7,1.5,6,222
31.8,1,0.5,5,245
21.0,7,1.5,6,223
29.3,6,0.5,3,212
29.8,2,0.5,3,223
26.2,5,1.0,4,198
22.3,5,0.5,6,188
25.9,7,1.5,6,229
20.2,3,0.3,8,171
26.3,7,0.5,7,230
25.0,3,1.0,5,200
22.1,4,1.0,5,176
23.9,4,0.3,5,184
22.0,5,0.3,6,172
31.2,2,1.0,5,205
28.6,2,1.0,4,207
16.5,6,0.5,5,170
22.6,6,1.0,10,208
28.1,6,0.5,10,209
24.4,7,1.5,4,242
27.1,1,0.3,3,256
23.4,2,0.5,4,188
21.9,7,1.0,5,239
27.7,7,0.5,9,199
18.5,1,0.3,8,231
19.0,2,0.5,10,175
36.1,3,0.3,3,227
23.2,6,1.5,3,196
29.3,2,0.3,9,220
24.7,4,1.0,5,189
28.4,3,1.5,10,227
24.2,3,0.5,4,210
22.6,6,1.0,9,202
26.8,4,0.5,9,210
23.0,5,0.3,3,199
25.3,1,1.5,5,226
21.3,5,1.5,6,191
27.8,5,1.0,3,205
17.7,7,0.3,9,201
21.1,3,1.0,8,183
19.8,2,1.0,6,172
23.5,4,1.0,7,177
28.2,7,0.5,4,248
27.1,6,1.0,6,209
23.1,7,1.0,8,209
26.8,5,1.0,6,200
22.3,3,1.0,6,194
20.4,1,0.5,5,237
20.6,1,0.3,10,199
18.2,6,0.3,3,194
21.0,4,0.5,9,190
27.9,5,0.3,5,194
17.5,3,1.5,3,191
26.4,3,0.5,3,195
25.5,6,1.0,10,218
27.4,5,0.5,4,197
22.3,5,1.0,4,182
19.5,5,1.5,9,191
23.8,7,1.0,6,226
20.3,1,0.3,6,237
27.3,3,0.3,9,192
25.2,4,1.5,10,217
23.9,4,0.3,3,203
23.8,6,0.3,4,189
21.1,1,1.0,5,243
31.2,6,0.5,5,204
18.8,5,0.3,5,176
21.3,4,0.3,8,180
20.1,1,1.5,4,237
21.6,7,1.5,7,223
27.0,3,1.5,9,223
28.4,1,1.5,7,207
25.5,6,0.5,7,192
21.4,7,1.5,8,202
12.1,3,0.3,3,172
26.8,4,0.5,8,187
23.9,7,0.5,5,235
25.4,2,1.5,4,207
26.6,3,1.0,4,213
28.6,5,0.5,3,210
24.4,7,0.3,6,233
27.6,3,0.5,4,207
19.5,7,1.0,3,238
27.3,2,0.5,6,193
21.2,7,1.5,9,187
25.1,5,0.3,8,182
24.1,4,1.5,3,200
25.2,4,1.0,7,187
30.8,5,1.0,4,211
26.4,1,1.0,3,254
23.3,5,0.5,8,184
21.9,2,1.5,4,196
19.0,7,1.0,9,197
25.7,1,0.3,10,181
19.9,7,0.3,9,205
27.3,3,1.5,9,229
25.2,4,1.5,8,204
22.3,7,1.0,9,193
26.5,1,1.5,3,243
21.6,2,1.0,4,195
22.2,7,0.5,4,248
24.7,2,1.5,10,214
23.3,5,0.3,6,184
29.4,6,0.5,10,236
26.8,7,0.3,9,187
21.3,5,1.0,8,181
30.7,7,1.5,9,180
25.4,1,0.3,8,216
27.2,6,0.5,10,206
25.0,3,1.0,4,202
29.6,6,1.0,10,227
26.9,6,0.5,9,199
29.1,5,1.0,5,211
24.8,3,0.3,10,199
23.4,5,1.5,9,206
27.0,6,1.5,10,219
19.6,2,1.5,3,196
17.0,5,0.5,6,165
23.1,5,1.5,9,205
24.8,5,0.3,5,192
27.6,7,0.3,10,181
27.1,2,1.5,9,225
24.2,3,1.0,7,181
30.3,7,1.5,8,195
27.5,6,1.0,6,202
27.6,6,0.5,4,201
32.3,3,0.5,7,208
24.8,1,0.5,4,249
29.0,5,0.5,6,207
18.7,5,0.3,5,166
18.7,3,0.5,6,179
26.0,1,1.0,9,186
23.3,2,0.5,3,199
24.9,4,1.5,8,206
24.8,1,0.5,5,241
22.5,2,1.0,4,196
21.1,5,1.5,9,198
25.2,2,1.0,8,197
20.3,4,0.3,7,169
22.5,6,0.5,10,202
24.1,5,1.5,5,196
20.8,6,1.0,4,197
21.4,3,0.3,5,187
27.4,1,0.3,10,191
28.2,7,1.5,4,245
25.3,3,0.3,7,190
24.2,2,0.5,9,199
31.6,5,1.5,3,216
20.6,5,0.3,9,174
26.2,5,0.5,9,200
30.0,2,0.5,4,199
23.7,5,1.5,4,199
33.0,1,0.3,3,264
34.8,1,0.5,4,255
21.9,7,0.3,7,234
25.1,5,1.5,6,211
24.9,2,1.0,6,190
17.6,2,1.0,9,166
37.1,3,1.0,3,233
29.1,5,0.5,9,213
19.3,3,0.3,6,172
13.7,3,0.3,7,158
18.7,3,1.5,5,188
26.1,3,1.0,4,206
28.9,3,1.5,9,231
25.3,4,1.5,3,207
24.3,1,1.0,8,215
26.0,6,1.0,3,207
23.1,4,1.5,8,196
17.9,7,0.5,4,253
17.0,4,0.5,4,179
24.8,6,0.3,4,186
21.1,7,1.0,3,239
21.3,3,0.5,8,184
26.8,7,1.0,10,174
22.4,2,1.0,4,192
24.7,1,1.0,9,193
9.6,2,1.5,3,178
22.1,5,0.3,10,190
28.2,3,1.0,4,200
25.3,3,0.3,3,199
25.1,3,0.3,7,184
24.4,4,0.5,8,186
25.5,1,0.5,9,193
28.1,5,0.3,10,218
19.4,1,1.0,3,236
24.9,3,0.5,6,191
24.6,4,1.5,5,200
25.4,7,0.5,3,251
30.7,4,0.3,8,207
20.5,7,0.5,3,247
20.0,4,0.5,7,179
31.6,6,0.5,10,228
20.4,1,1.0,4,246
24.4,7,1.5,9,184
20.8,4,0.3,6,185
21.4,1,1.5,3,245
28.4,7,1.0,8,211
23.4,1,0.3,4,252
27.2,3,0.3,8,193
21.9,1,1.5,10,174
31.9,2,0.3,9,227
24.4,1,1.5,9,192
26.5,2,1.5,8,208
21.4,3,0.3,6,175
22.2,6,1.0,7,182
32.2,6,0.3,6,201
25.5,4,1.0,10,220
23.5,7,1.5,10,163
28.9,3,0.3,4,203
23.3,7,0.5,5,241
27.5,5,1.5,8,214
21.6,3,1.0,5,195
24.6,6,1.0,10,206
26.0,3,1.0,7,195
22.1,6,1.5,8,195
21.4,7,0.3,10,187
31.0,1,1.0,6,241
29.3,6,0.3,6,195
18.4,4,0.3,10,162
32.6,7,0.5,6,233
23.9,3,1.5,7,191
23.1,2,0.3,6,193
19.2,3,0.5,8,175
26.7,1,0.5,7,221
28.3,6,0.5,7,202
23.9,6,0.5,3,206
26.7,1,1.0,7,225
17.8,6,0.5,5,181
24.9,7,1.5,6,223
22.2,4,1.5,4,188
22.9,2,1.5,4,194
26.4,7,1.0,4,246
27.7,1,1.0,9,196
24.5,1,0.3,5,235
29.1,3,0.3,6,194
25.9,5,1.5,3,209
30.5,4,1.0,6,201
24.6,1,0.5,10,188
29.8,1,0.5,9,201
19.5,3,1.5,7,185
27.1,3,0.3,10,203
23.0,4,1.0,3,204
21.3,3,1.5,7,186
11.0,1,1.5,10,186
15.6,7,1.5,10,178
28.5,5,1.5,9,228
21.2,1,1.0,6,226
27.8,5,1.0,5,199
28.8,7,1.5,8,198
22.7,5,1.5,9,206
22.3,3,0.5,4,194
23.1,1,0.3,7,224
25.9,3,0.5,9,208
22.1,7,0.5,7,227
25.8,5,1.0,10,214
20.0,6,1.5,3,200
33.0,5,0.5,3,221
26.4,5,0.3,10,207
19.0,6,1.0,10,190
25.5,6,0.3,3,199
26.5,7,1.0,3,248
25.0,2,0.5,4,201
17.8,2,1.5,6,183
23.2,2,0.3,10,184
26.9,1,0.3,8,218
30.6,2,0.5,5,204
26.8,2,1.0,3,205
31.7,1,1.5,8,203
20.8,7,1.0,7,213
25.0,7,1.0,7,218
26.7,1,1.5,6,225
32.6,1,1.5,6,226
21.1,2,1.5,3,194
20.9,5,0.5,5,174
25.0,6,0.5,3,194
25.3,6,0.3,4,194
22.4,2,0.3,3,199
20.8,1,0.5,9,201
23.2,2,0.5,8,189
24.8,6,1.5,10,223
15.7,1,1.5,4,234
21.3,4,0.5,3,199
31.9,3,1.5,10,235
27.2,5,0.3,5,196
20.4,4,0.5,3,190
28.3,7,1.5,10,157
17.6,7,0.5,7,225
21.6,2,1.0,8,177
23.9,3,1.5,6,193
19.8,7,0.5,3,235
26.1,6,0.3,8,191
22.0,1,1.5,7,209
25.9,1,1.0,10,176
19.5,1,0.3,5,243
21.4,6,1.5,9,190
32.2,7,0.3,7,224
19.9,7,0.3,9,209
18.2,3,1.5,10,187
24.8,3,1.0,4,192
21.4,5,0.5,3,193
26.7,7,1.5,8,195
26.3,3,0.3,8,194
24.8,5,1.5,9,215
23.9,5,1.0,8,199
24.9,3,0.3,10,192
19.3,1,0.3,7,235
24.6,1,0.5,6,231
28.7,4,0.3,10,218
24.7,4,1.0,6,201
26.0,6,1.0,8,199
28.0,5,1.0,9,217
18.3,6,0.3,10,173
24.9,1,1.0,8,211
19.1,1,0.5,5,233
25.3,3,0.5,5,190
20.1,2,1.0,6,178
24.3,7,0.5,3,263
19.1,2,1.5,4,184
25.0,2,1.5,8,204
28.9,7,1.0,6,234
25.1,1,1.0,9,184
26.2,5,0.5,9,198
21.9,3,0.5,10,194
16.0,3,0.3,8,159
29.9,6,1.5,3,225
29.5,5,0.5,8,205
24.9,2,0.5,7,182
16.8,5,1.0,10,182
22.3,7,1.0,6,230
23.7,6,0.5,7,183
31.0,2,1.0,5,214
18.0,4,0.3,3,182
17.2,7,1.5,6,219
19.9,4,1.5,9,189
25.2,6,0.3,3,201
22.9,3,0.5,5,186
17.9,1,1.0,5,235
19.8,2,0.3,3,190
27.1,4,1.0,10,221
28.9,2,0.5,3,205
24.7,6,1.0,5,196
28.4,4,0.5,5,193
20.7,2,0.5,9,180
18.7,1,1.5,9,178
18.7,1,0.5,7,230
26.9,5,1.0,8,205
16.4,2,0.3,5,174
21.9,3,1.5,10,198
27.4,6,0.3,5,192
26.2,4,0.3,8,199
23.6,4,1.5,6,197
27.7,6,1.0,7,201
21.1,2,1.0,10,197
29.4,2,0.3,8,210
23.4,1,1.5,9,192
27.9,2,1.0,5,212
29.8,2,0.3,8,200
25.7,4,1.5,10,213
21.3,2,0.5,7,178
24.1,4,1.0,10,206
20.5,5,1.0,8,185
22.0,4,0.5,9,189
24.8,5,1.5,6,201
24.1,6,1.5,9,206
26.4,3,1.5,10,222
23.0,7,0.3,7,229
25.1,5,0.3,7,184
19.2,3,1.0,9,178
25.0,5,0.5,6,198
21.7,7,1.5,4,233
21.9,4,0.3,3,189
21.0,6,0.3,4,180
17.0,3,1.5,4,181
23.4,5,0.3,8,176
24.7,3,0.5,4,197
26.0,1,0.3,8,213
25.3,4,0.3,8,198
19.6,6,1.5,5,185
30.8,3,1.5,10,238
26.3,7,0.3,10,186
20.3,1,1.0,4,242
28.5,1,1.5,8,198
26.3,3,0.3,6,195
21.2,2,0.5,8,180
18.8,4,0.3,4,183
18.1,5,1.0,7,171
29.5,5,0.5,9,216
24.0,5,1.5,3,208
28.2,4,1.0,9,208
24.2,6,0.3,8,190
29.5,2,0.3,6,198
18.4,6,0.5,6,181
26.0,3,0.3,6,197
18.4,5,0.5,3,190
21.1,4,1.5,4,192
30.3,7,1.5,7,203
17.6,6,1.5,5,186
27.2,6,1.5,7,203
25.7,3,0.3,4,202
19.1,6,0.5,6,171
24.0,6,0.3,10,190
21.6,4,0.5,7,171
26.0,4,1.5,4,206
22.1,6,0.5,3,195
21.6,3,1.0,10,200
24.5,2,0.5,8,198
21.0,2,1.0,3,198
26.6,3,1.5,9,225
23.3,1,0.3,6,234
26.2,3,1.5,5,207
21.2,2,1.0,10,200
26.1,7,0.5,10,184
32.0,7,0.5,3,247
24.8,2,0.5,4,192
23.2,2,0.5,8,189
21.3,3,1.0,3,198
20.4,3,1.0,3,199
25.2,4,1.5,5,195
19.4,5,0.3,6,170
20.5,4,0.3,9,181
25.9,3,1.0,10,210
24.5,5,0.3,3,197
25.4,2,1.5,6,204
36.8,7,0.5,6,237
25.0,6,0.5,7,187
21.3,4,0.5,9,180
25.5,6,1.5,10,220
23.0,3,1.0,5,191
21.4,5,1.5,4,196
24.1,4,0.3,6,179
18.3,1,1.0,10,179
20.3,5,0.5,3,193
17.3,7,1.0,5,234
25.0,3,0.5,9,193
26.0,1,1.0,6,222
25.2,4,0.5,7,202
28.5,7,0.5,9,188
19.1,2,0.5,10,190
26.5,6,0.3,3,208
33.7,3,1.0,8,227
16.2,2,1.0,7,167
21.1,5,0.5,10,184
24.5,5,1.0,6,195
24.5,3,0.3,8,192
22.3,4,0.3,6,174
29.8,6,0.5,5,204
24.4,5,0.3,6,191
26.2,4,0.3,7,190
25.9,6,1.0,10,215
21.8,2,0.5,3,192
12.3,3,0.5,5,154
20.5,2,1.5,8,192
22.0,2,0.3,4,188
27.7,7,1.5,7,219
21.8,3,0.3,6,180
29.7,2,0.5,10,218
23.8,6,1.0,5,192
23.9,6,0.5,8,190
25.5,7,0.3,8,213
29.5,3,1.0,7,203
20.9,7,1.0,5,242
32.1,3,1.5,3,228
21.0,6,1.0,5,182
17.1,3,0.3,6,169
23.9,2,1.5,5,196
27.0,4,0.3,10,205
21.5,7,1.0,8,214
25.1,3,0.3,9,186
22.4,2,0.3,5,176
24.9,3,0.5,9,194
27.1,4,1.0,9,215
23.4,3,1.0,6,195
27.8,5,0.3,10,208
23.8,4,0.3,9,191
27.0,7,1.0,10,176
25.2,1,0.5,8,215
16.9,7,1.5,9,189
16.7,1,1.0,3,233
22.4,5,1.0,8,182
14.6,5,0.5,8,156
23.0,7,0.5,6,240
21.5,4,0.3,4,187
27.1,2,1.0,3,204
26.7,1,0.5,9,192
18.5,2,1.0,8,175
19.2,2,0.5,4,180
18.0,1,1.5,5,226
20.4,6,0.3,5,175
18.8,2,1.0,3,186
25.6,2,1.5,5,209
22.5,3,1.0,3,210
25.2,6,0.3,5,200
23.8,4,1.0,4,195
26.9,7,1.5,10,159
27.5,3,1.5,6,207
19.5,5,1.5,9,188
17.3,3,1.5,9,175
21.1,6,0.5,6,176
29.3,4,0.3,8,207
23.4,1,0.3,8,209
22.2,4,0.5,4,186
27.5,6,1.0,4,207
17.2,3,0.3,8,152
29.1,6,0.3,9,214
17.8,4,1.5,9,184
23.6,6,1.5,9,211
23.3,6,1.0,3,207
18.7,4,0.5,8,177
23.6,4,0.5,7,191
19.7,5,1.5,8,190
23.9,7,1.5,7,215
27.8,5,0.3,5,203
20.0,7,0.3,4,241
30.4,4,1.5,8,217
24.3,6,1.5,5,194
27.1,5,0.5,5,205
26.1,3,0.3,9,195
22.8,2,1.5,4,198
27.2,5,0.5,10,212
28.1,7,0.3,8,217
21.3,7,0.3,5,243
28.2,2,0.3,7,198
26.9,5,1.5,5,209
25.4,7,0.3,6,237
30.4,5,1.0,3,222
21.3,4,0.5,4,189
25.7,7,1.0,5,234
20.8,4,1.5,7,189
23.1,3,0.3,3,191
30.8,5,1.5,5,216
19.6,2,1.0,6,177
25.2,6,1.0,4,201
27.4,5,0.5,8,204
29.0,7,0.3,6,241
27.1,7,1.0,3,255
21.5,1,0.3,5,250
24.6,5,1.0,10,201
33.3,6,0.3,7,206
24.3,4,1.0,5,195
17.4,6,0.5,5,176
22.9,6,0.3,4,193
27.6,2,1.0,8,204
21.0,3,0.5,4,180
21.2,4,1.0,3,208
25.8,7,1.5,6,231
22.9,2,0.3,7,181
22.1,4,1.0,10,191
20.5,6,0.3,10,184
25.1,7,1.0,7,219
25.3,5,0.5,8,189
30.2,2,1.5,9,227
24.8,7,0.5,10,182
17.6,4,0.3,3,175
21.5,5,0.3,4,190
29.3,6,0.5,5,204
24.6,5,1.0,8,198
22.8,4,1.0,10,205
25.1,6,1.0,7,192
23.4,1,0.5,8,211
24.4,5,0.5,4,184
26.6,5,1.5,4,205
17.1,1,0.5,9,206
30.0,4,0.3,5,207
27.7,3,1.0,7,205
18.3,1,1.0,8,214
24.4,2,1.0,5,192
26.5,5,0.5,9,200
16.6,3,1.0,8,178
29.7,2,1.5,5,201
22.5,1,0.3,6,227
27.2,5,0.5,7,198
26.5,7,1.5,9,193
17.1,6,0.3,5,177
15.4,2,1.0,6,165
25.8,6,1.0,6,200
17.2,6,0.3,3,188
30.7,5,1.5,9,228
25.4,3,0.5,4,200
23.3,1,0.3,5,243
24.1,4,1.0,6,190
26.8,7,0.5,9,193
26.2,3,0.5,10,207
24.5,7,0.5,9,194
25.7,5,1.0,6,198
22.9,3,1.5,3,202
21.5,1,1.5,5,233
22.3,1,1.0,7,224
16.4,5,0.3,10,166
22.8,7,0.3,5,245
25.2,1,0.3,8,217
24.1,5,1.0,9,193
17.6,6,0.3,3,182
24.3,5,1.5,3,201
17.6,5,0.3,6,157
19.7,7,1.5,5,232
22.9,5,0.3,8,187
25.1,5,0.5,8,201
30.2,3,1.0,5,212
33.1,3,0.3,9,224
26.7,1,0.5,10,179
24.0,2,0.3,5,199
29.6,4,1.5,9,230
24.3,5,0.5,5,198
22.6,3,0.3,8,186
28.9,5,1.0,4,210
26.6,3,1.0,7,202
20.5,3,0.3,6,178
21.7,1,1.0,4,241
22.5,4,1.5,7,193
25.8,6,1.0,6,188
25.5,7,0.5,9,198
19.1,5,0.5,5,173
28.7,6,1.5,8,212
28.1,6,0.5,7,207
24.5,3,0.5,10,196
19.2,1,1.0,4,240
23.8,3,0.5,8,193
24.8,6,0.3,9,206
22.0,2,0.3,3,199
17.1,4,1.0,7,174
22.3,2,1.5,3,209
22.2,5,0.3,7,180
19.5,2,1.5,3,196
23.2,1,1.0,6,242
25.2,3,0.3,8,189
19.4,5,1.0,6,179
22.1,5,1.0,10,211
22.5,3,0.3,6,170
19.7,4,1.0,8,176
19.7,5,0.5,4,182
19.4,5,0.5,8,167
23.9,3,1.0,8,193
33.9,7,0.5,9,184
27.4,1,1.0,8,208
32.2,1,0.5,9,181
26.7,6,1.0,10,219
22.5,2,0.3,7,173
28.1,2,1.5,4,211
20.0,4,1.5,9,181
20.4,5,1.5,3,190
32.0,4,0.5,9,229
25.6,2,0.5,3,204
20.7,2,1.0,4,185
17.5,1,0.3,4,241
18.5,3,1.0,9,174
26.6,1,1.0,4,248
23.2,7,1.5,8,202
23.6,1,0.3,9,195
18.9,1,0.5,7,231
21.1,3,0.5,10,190
23.7,1,1.5,5,234
21.2,4,1.5,5,189
21.7,6,0.3,5,179
27.8,2,1.5,5,209
30.0,7,1.5,3,249
27.1,5,1.0,4,205
27.8,7,1.5,10,168
30.7,7,1.5,3,257
20.1,1,0.3,5,241
19.0,4,0.5,9,174
27.7,6,0.5,6,201
32.5,7,1.5,5,228
26.6,6,0.3,10,203
23.7,5,1.0,6,192
19.0,6,1.0,8,176
28.8,4,0.5,9,210
20.0,5,1.0,8,183
28.8,2,0.5,5,201
23.5,3,1.5,8,195
20.7,4,1.0,4,193
24.3,1,1.0,9,197
21.1,2,0.3,5,180
23.9,5,1.5,4,196
24.7,3,1.5,6,198
26.2,4,0.5,9,200
26.8,4,0.5,5,198
23.5,3,0.3,3,192
26.3,7,0.5,7,230
19.1,1,1.0,4,248
19.1,4,0.3,7,158
21.2,4,1.0,7,186
18.7,7,1.5,9,194
25.1,1,0.5,4,247
28.2,6,0.3,5,200
26.8,1,0.3,9,204
19.4,4,1.0,7,181
26.3,3,0.3,9,200
21.8,3,1.5,9,204
24.8,6,0.5,6,196
30.0,3,0.3,3,219
17.7,7,1.0,5,236
22.2,3,0.5,7,183
19.3,3,1.0,4,187
18.2,4,0.3,8,166
15.0,5,0.3,10,162
26.4,3,0.5,9,200
23.6,5,0.3,5,191
22.4,1,1.0,3,254
24.3,4,1.0,8,187
24.0,4,0.3,4,193
23.0,2,1.5,7,195
27.8,1,1.0,8,206
26.1,7,0.3,6,228
29.3,2,1.0,9,216
27.2,4,0.3,4,191
25.4,5,1.5,7,207
26.9,2,1.0,5,194
23.7,5,1.5,5,204
24.2,2,0.3,9,195
21.6,6,1.0,4,187
27.1,1,0.3,9,199
30.1,7,0.3,3,263
21.0,6,0.5,9,185
28.0,5,1.0,8,205
30.5,4,1.0,3,223
25.6,5,1.5,6,197
23.0,7,0.3,5,248
27.8,1,0.5,8,219
23.9,2,0.5,3,201
30.2,6,0.3,10,214
20.5,6,0.5,7,173
26.7,7,0.3,4,254
28.7,1,1.5,8,199
27.9,2,0.5,5,205
17.4,3,1.0,10,184
22.0,1,1.0,4,246
23.4,1,1.5,7,207
20.5,3,1.5,4,187
31.6,6,1.0,6,216
21.7,4,1.0,7,183
25.7,3,1.5,3,202
15.7,5,1.5,8,166
16.5,4,0.5,3,178
27.2,1,1.0,7,216
25.9,1,1.5,9,180
24.4,7,1.5,8,195
22.3,5,0.5,6,184
25.3,5,0.3,4,198
23.3,7,1.5,4,246
17.7,5,0.3,8,163
21.6,4,1.0,8,181
21.7,2,0.5,7,191
24.5,1,0.5,10,184
21.4,2,0.3,3,189
20.6,1,1.0,4,249
22.5,3,1.5,3,202
22.5,4,1.5,10,196
19.6,7,0.3,8,216
23.8,3,1.0,10,208
15.1,1,1.0,9,203
18.5,1,0.5,8,221
23.2,5,0.3,7,189
19.9,6,1.5,4,185
28.5,3,1.5,9,220
26.9,4,0.5,10,202
21.7,4,0.5,4,183
22.9,4,0.3,3,200
29.1,2,0.5,4,205
17.1,7,0.3,3,238
25.8,4,0.5,9,200
26.2,5,1.0,8,195
23.7,2,1.0,4,205
19.8,2,1.5,7,193
25.0,2,1.5,6,205
23.8,6,1.5,5,196
21.5,4,1.5,7,195
15.9,3,0.3,9,166
20.9,4,1.5,8,189
31.6,3,1.5,9,233
23.4,5,1.5,3,215
20.4,5,0.3,6,173
23.9,6,0.3,5,186
18.3,3,1.0,4,189
23.7,7,1.5,9,175
26.5,3,0.5,10,212
23.5,7,0.5,7,236
24.3,4,0.3,9,198
26.8,7,0.3,6,238
28.5,5,1.0,9,221
25.1,4,1.5,8,205
16.9,3,0.5,7,167
27.2,6,1.0,7,205
17.5,6,1.0,10,185
27.2,5,0.5,3,206
23.7,3,0.3,8,192
20.1,2,0.3,8,173
22.6,5,1.0,3,201
26.4,4,1.5,4,207
28.1,6,1.5,9,223
24.3,2,0.3,5,190
22.3,5,1.0,4,196
27.2,3,1.0,3,204
24.2,4,1.0,6,187
23.4,3,1.0,5,194
23.6,3,0.3,7,191
27.2,5,1.0,7,208
21.8,6,1.5,4,192
27.3,1,1.5,7,224
23.8,1,1.0,10,174
18.0,1,1.5,5,231
20.4,6,1.5,9,190
25.3,7,0.3,6,242
25.0,7,0.5,9,195
21.9,4,1.5,7,184
28.1,6,1.0,10,221
22.0,1,1.0,3,254
11.5,1,0.5,4,225
21.0,4,0.5,4,188
29.5,4,1.5,3,212
25.5,4,0.5,3,197
23.3,1,0.3,5,243
22.4,2,0.3,7,182
26.5,3,1.5,10,227
22.5,6,0.3,9,185
22.1,5,0.3,7,182
26.7,1,1.0,3,247
22.6,6,1.0,3,197
24.4,6,1.5,6,201
25.0,5,0.3,7,194
11.9,1,1.5,7,220
25.7,4,1.5,7,205
22.5,5,1.5,8,199
23.0,3,0.3,5,187
23.5,3,1.0,3,199
15.9,5,0.3,8,164
20.1,4,0.3,9,177
24.1,4,0.5,6,194
26.0,2,0.3,9,201
30.7,7,1.5,7,208
30.7,3,0.3,6,196
27.6,4,1.5,5,200
29.0,2,0.3,6,191
23.3,3,0.3,9,195
16.0,1,0.3,8,215
24.4,3,0.5,8,194
25.4,4,0.5,10,198
23.8,3,0.5,6,186
21.3,5,0.3,6,176
26.9,3,0.5,9,205
21.6,4,0.5,10,194
24.9,6,0.5,7,185
19.4,4,0.3,3,192
22.7,3,1.0,10,196
24.2,2,1.0,8,199
22.3,3,0.5,5,191
25.4,7,0.5,8,209
20.2,5,0.5,6,176
23.4,7,1.0,7,223
27.7,1,1.0,10,175
25.3,6,0.3,10,206
25.5,4,1.0,6,191
20.0,3,0.3,8,180
25.4,1,0.3,4,253
27.0,3,0.3,9,196
17.9,6,1.0,3,187
23.6,5,1.0,7,189
20.8,5,1.0,10,201
19.9,5,1.0,10,184
21.1,4,0.5,4,197
16.0,4,0.5,3,183
30.0,5,0.5,8,217
32.4,2,1.0,3,219
27.3,6,0.3,9,202
18.9,1,1.5,4,231
19.1,2,1.5,7,178
25.5,6,1.5,3,206
25.4,5,1.0,7,192
24.4,3,0.5,9,197
20.2,6,0.3,8,172
19.0,4,1.0,6,175
22.8,1,1.0,3,249
29.3,1,1.5,8,196
19.0,3,1.5,7,185
23.1,7,1.5,10,166
22.9,7,1.5,10,172
25.9,4,0.3,8,198
20.4,5,0.3,5,177
22.9,2,1.0,4,193
26.0,3,1.5,9,210
30.7,4,1.0,7,226
27.8,6,0.5,6,201
20.4,5,0.3,9,168
14.6,2,1.5,6,171
22.5,3,1.5,3,201
31.5,3,1.0,9,223
23.7,7,0.5,4,246
18.6,1,1.0,9,196
27.0,3,0.3,3,216
29.2,5,0.5,4,200
27.7,1,1.0,6,234
23.2,2,1.0,6,186
34.1,1,0.3,9,183
22.1,6,0.5,9,185
20.7,3,1.0,8,184
21.9,1,1.5,5,239
24.9,1,0.3,7,232
27.4,5,1.5,7,199
24.6,4,0.3,7,181
26.7,3,0.3,9,210
18.1,5,1.5,10,191
20.9,6,1.0,8,184
12.3,5,1.5,4,179
16.2,6,1.0,10,173
18.0,2,0.5,6,175
26.2,7,1.0,7,219
29.2,1,1.0,4,241
29.6,4,1.5,9,225
23.7,4,1.0,10,213
22.6,5,1.0,10,196
25.0,1,1.5,4,240
23.4,7,1.5,6,223
29.1,6,1.0,8,209
15.0,5,0.3,6,162
23.1,7,1.0,10,180
21.5,6,1.5,5,186
23.9,4,0.3,9,189
26.8,6,0.3,9,196
24.6,4,0.5,5,187
21.8,4,1.0,9,186
24.2,6,1.5,3,209
26.4,4,1.5,8,214
19.7,5,1.5,4,188
12.4,2,1.0,5,157
24.3,2,1.5,7,194
17.2,1,0.3,4,232
37.7,7,0.3,6,232
24.3,4,1.0,10,208
21.3,1,1.5,8,206
29.1,4,0.3,9,209
28.5,2,0.5,9,206
21.5,6,1.0,5,184
22.8,5,1.0,3,205
27.4,7,0.5,4,246
19.0,7,1.0,8,207
12.6,2,0.5,5,160
22.0,7,1.5,3,254
19.5,7,0.3,9,202
21.2,6,1.0,10,198
19.5,7,0.5,5,238
24.8,3,1.0,8,208
28.6,1,1.0,7,212
20.9,2,0.3,10,190
19.3,5,0.5,4,176
23.4,1,1.0,5,248
24.9,5,1.0,9,208
15.3,1,0.3,9,210
26.2,5,0.5,10,204
29.1,6,0.5,5,203
25.4,7,1.5,6,226
15.8,2,1.5,9,179
23.5,1,1.5,7,219
28.0,6,0.5,3,218
28.0,7,0.3,8,222
20.0,5,1.0,3,201
21.5,2,0.3,7,181
26.7,7,0.5,6,239
25.9,4,1.5,5,198
19.7,1,1.5,8,200
20.1,4,1.0,5,186
18.6,1,1.0,3,245
24.9,3,1.0,5,198
27.0,6,0.5,3,203
23.4,5,1.0,7,190
29.2,1,0.3,9,189
25.3,2,0.5,10,204
23.3,5,0.3,10,187
23.1,5,0.5,10,197
20.5,6,1.0,4,195
29.7,4,0.5,5,209
27.4,2,1.5,9,213
21.0,2,0.5,8,177
27.9,3,0.5,6,190
33.6,7,0.5,6,244
27.9,1,1.5,8,194
22.3,2,1.5,3,194
20.3,4,1.0,10,192
28.3,2,1.0,6,203
16.5,7,0.3,6,249
31.7,3,1.5,4,215
16.9,5,1.5,8,182
28.4,7,0.5,6,236
29.5,7,0.5,3,258
27.1,2,0.3,9,197
27.1,6,0.5,6,200
21.4,1,1.5,6,233
25.3,4,1.5,6,196
23.2,5,0.5,3,192
20.5,7,1.5,7,208
26.9,2,1.5,7,205
28.4,2,0.3,10,213
16.2,6,0.5,8,159
31.1,6,1.0,3,212
23.7,4,1.0,6,181
19.3,1,0.5,7,225
25.5,1,0.3,7,227
27.2,1,1.5,7,209
23.2,7,0.3,10,189
27.9,3,0.5,3,199
24.0,4,1.5,3,209
21.7,6,1.0,7,186
24.8,1,1.5,4,230
23.0,4,1.0,6,185
24.0,2,0.3,8,185
24.2,2,0.5,10,202
18.4,4,1.5,10,193
22.0,4,1.0,7,188
29.7,1,1.0,4,240
28.5,1,1.0,5,238
23.2,3,1.5,9,207
25.0,2,0.5,9,193
22.8,2,1.0,6,178
23.0,2,0.5,10,201
26.3,5,0.3,5,193
17.3,5,1.0,3,194
22.0,6,0.3,6,178
26.0,1,0.3,10,187
25.6,7,0.3,9,205
22.4,6,0.3,7,178
19.3,5,0.5,3,192
23.1,4,1.0,9,205
21.3,5,1.0,4,190
21.7,4,1.0,4,190
27.8,1,0.5,4,238
21.4,7,0.5,5,240
17.9,2,1.5,9,188
19.5,3,0.3,5,175
29.9,3,1.5,8,226
27.3,5,0.3,7,198
25.6,2,0.3,7,196
17.7,5,1.0,7,174
21.1,4,0.5,6,186
17.1,5,1.5,3,193
23.2,7,1.5,6,221
21.8,6,0.3,5,179
24.5,2,1.0,6,187
26.1,2,1.0,7,205
21.0,1,0.3,10,188
19.1,5,0.5,3,185
23.0,2,1.0,8,195
24.6,2,1.0,5,196
26.1,6,1.5,7,214
17.7,3,0.3,4,174
19.6,6,1.5,8,177
22.5,1,1.5,5,237
19.8,5,0.5,3,180
30.3,3,1.5,9,221
12.8,7,0.5,10,207
23.6,7,1.0,5,238
22.1,2,1.0,8,202
22.1,7,1.0,4,243
26.6,3,0.5,6,199
19.3,1,1.5,4,242
25.2,4,1.0,6,195
18.1,4,0.3,3,190
19.2,3,0.5,10,186
22.7,6,1.0,3,204
21.4,5,0.5,9,188
18.8,3,0.5,9,182
30.3,6,1.0,4,210
30.8,4,1.0,7,211
29.9,6,0.3,4,200
25.3,1,0.5,4,249
25.4,5,1.0,3,213
19.2,4,0.3,5,176
29.3,6,0.5,4,208
25.6,6,0.5,10,209
25.8,5,0.3,5,181
25.3,7,1.0,6,233
24.2,7,1.0,3,241
16.0,5,1.0,3,177
12.7,7,0.5,6,241
22.7,4,0.5,7,183
28.0,1,0.5,8,207
20.5,6,1.0,4,187
17.0,2,1.0,4,187
30.4,1,0.5,9,189
21.7,7,1.0,3,253
31.7,4,0.5,8,213
25.1,5,0.5,8,200
21.9,5,1.5,9,204
25.2,3,1.0,7,197
21.1,4,0.3,10,187
19.2,3,0.3,4,179
23.4,2,0.3,6,189
25.6,4,1.0,6,201
28.7,7,1.0,9,187
28.8,4,0.3,8,202
28.4,7,1.5,3,255
29.5,3,1.5,10,240
14.0,2,1.0,10,168
29.3,3,0.5,8,205
17.2,5,0.3,6,170
25.3,1,1.0,7,224
19.6,1,1.0,7,218
24.9,1,0.3,8,225
22.7,1,1.5,3,246
23.1,7,0.5,9,197
21.9,7,1.5,5,235
24.9,4,1.5,8,214
26.4,4,0.5,3,198
24.3,3,0.3,5,190
19.9,4,0.5,6,171
29.1,3,1.5,4,211
27.2,1,0.5,4,244
28.7,1,1.5,9,182
16.2,2,0.3,5,172
29.2,5,1.5,3,221
20.8,5,1.5,4,190
26.0,4,1.0,10,214
23.1,6,1.5,6,198
26.6,4,1.0,9,206
28.9,4,1.5,6,213
20.5,6,0.3,3,197
26.1,1,0.3,7,218
27.6,1,1.0,5,238
21.2,7,0.3,10,191
32.6,1,1.5,6,229
22.3,7,1.5,3,245
25.9,2,1.0,3,210
21.8,3,0.3,8,176
16.9,1,0.3,3,226
25.5,6,0.5,10,209
24.9,1,0.3,6,238
17.4,7,0.3,3,235
28.4,4,0.5,10,220
26.5,1,1.0,9,193
28.7,4,0.3,10,222
26.0,1,0.3,3,252
26.8,3,1.5,4,200
25.9,2,1.0,8,202
20.0,6,1.5,5,184
27.6,3,1.5,10,230
22.7,6,1.0,7,194
21.6,5,1.5,9,201
23.0,1,1.0,6,230
28.3,4,0.3,9,203
26.7,2,1.5,6,210
17.6,3,1.0,5,179
29.9,1,1.5,5,235
24.9,7,0.3,10,183
22.7,3,0.3,4,181
29.6,7,0.3,7,220
25.8,7,0.3,7,230
20.1,7,1.0,3,245
16.5,4,1.0,8,173
25.4,6,1.0,8,197
32.8,5,0.5,3,223
21.5,7,1.0,3,255
30.1,7,1.0,10,169
21.9,1,0.3,4,250
20.5,2,1.5,8,190
18.6,6,0.3,10,178
21.5,4,0.3,10,180
22.3,5,0.5,8,181
21.0,5,1.5,7,193
25.8,4,0.3,3,200
19.0,5,1.0,7,178
14.6,7,1.5,5,236
27.5,2,0.3,3,213
25.6,3,0.5,7,192
27.7,6,0.3,6,194
20.9,1,0.3,7,218
22.0,1,1.0,4,252
30.3,5,1.5,7,217
23.6,1,1.5,3,250
30.9,7,0.3,6,232
18.0,5,0.3,8,159
21.2,5,1.5,5,187
25.4,4,1.5,8,205
25.7,1,1.5,7,211
27.0,2,0.3,6,195
21.7,1,0.3,5,249
23.6,2,0.5,5,192
22.1,3,1.5,7,194
17.3,5,1.0,3,195
27.2,1,0.3,8,213
20.3,4,1.0,9,190
21.1,3,1.0,10,182
30.0,6,1.5,4,214
18.1,5,1.0,10,185
25.2,3,1.0,4,201
22.9,6,0.3,10,192
26.8,7,0.5,5,234
16.2,3,0.3,8,163
24.4,4,1.5,9,206
24.7,2,0.5,8,190
31.2,4,1.5,8,223
20.2,7,1.0,3,248
29.0,6,1.5,8,218
33.1,1,1.0,5,243
16.0,1,1.0,6,232
18.6,3,1.0,3,194
26.8,3,1.0,7,207
26.0,2,1.0,9,203
30.3,7,0.5,10,164
24.2,5,0.5,6,183
27.1,2,1.5,10,226
20.1,1,1.5,8,209
20.9,1,1.5,6,225
24.4,4,1.5,9,206
33.8,6,0.5,4,219
23.8,6,0.3,6,184
24.3,3,0.5,5,194
24.1,4,0.3,7,182
30.2,2,1.0,7,202
20.3,1,0.5,8,217
20.4,2,0.3,5,183
21.2,2,0.5,3,198
17.6,2,1.5,8,180
25.3,2,1.5,6,206
22.9,6,1.5,7,196
16.6,2,0.3,6,163
20.5,3,1.5,8,189
23.2,5,0.3,5,187
24.8,3,1.0,10,205
21.7,6,0.3,7,178
31.1,5,1.5,9,229
21.2,1,1.0,7,219
27.1,3,1.5,7,205
16.3,3,0.5,8,171
29.7,2,0.3,6,205
19.9,1,0.3,3,242
28.3,4,1.0,7,209
25.5,4,0.3,4,197
22.1,1,0.3,5,247
22.0,2,1.0,4,194
27.1,3,0.3,5,199
