wage,hours,lhwage,IQ,educ,exper,tenure,age,married,black,south,urban,sibs,brthord,meduc,feduc
769,40,2.9562115153917077,93,12,11,2,31,1,0,0,1,1,2.0,8.0,8.0
808,50,2.7825390530929495,119,18,11,16,37,1,0,0,1,1,,14.0,14.0
825,40,3.0265039322207445,108,14,11,9,33,1,0,0,1,1,2.0,14.0,14.0
650,40,2.7880929087757464,96,12,13,7,32,1,0,0,1,4,3.0,12.0,12.0
562,40,2.642622395779755,74,11,14,5,34,1,0,0,1,10,6.0,6.0,11.0
1400,40,3.5553480614894135,116,16,14,2,35,1,1,0,1,1,2.0,8.0,
600,40,2.70805020110221,91,10,13,0,30,0,0,0,1,1,2.0,8.0,8.0
1081,40,3.296762363525272,114,18,8,14,38,1,0,0,1,2,3.0,8.0,
1154,45,3.244326957297725,111,15,13,1,36,1,0,0,0,2,3.0,14.0,5.0
1000,40,3.2188758248682006,95,12,16,16,36,1,0,0,1,1,1.0,12.0,11.0
930,43,3.0739844704537393,132,18,8,13,38,1,0,0,0,1,1.0,13.0,14.0
921,38,3.187873876528921,102,14,9,11,33,1,0,0,0,1,2.0,16.0,
900,45,2.995732273553991,125,15,4,3,30,0,0,0,0,2,,12.0,12.0
1318,38,3.546284555336067,119,16,7,2,28,1,0,0,1,3,1.0,10.0,10.0
1792,40,3.8022081394209395,118,16,9,9,34,1,0,0,1,1,1.0,12.0,12.0
958,50,2.9528247725427144,105,10,17,2,35,1,0,0,1,1,2.0,6.0,8.0
1360,45,3.4085774889597777,109,15,6,9,36,1,0,0,1,3,3.0,12.0,10.0
850,40,3.056356895370426,72,11,19,10,38,1,0,0,1,2,3.0,10.0,8.0
830,44,2.9372360668723823,105,14,4,7,29,1,0,0,1,3,1.0,12.0,
471,44,2.3706684600981567,101,12,13,7,31,1,0,0,1,3,2.0,8.0,
1275,40,3.46182200347859,123,14,9,1,31,1,0,0,1,0,1.0,12.0,
1615,50,3.475067230228611,113,16,10,4,36,1,0,0,1,2,1.0,12.0,12.0
873,65,2.597548285943965,95,12,14,3,38,1,0,0,1,5,1.0,10.0,10.0
2137,45,3.8604957655488277,145,16,17,8,38,1,0,0,1,2,1.0,12.0,12.0
1053,38,3.3218123524075898,114,16,12,7,32,1,0,0,1,0,1.0,11.0,11.0
1602,60,3.2846635654062037,124,16,8,9,29,1,0,0,1,3,1.0,16.0,16.0
1188,40,3.391147045808654,93,13,16,5,35,1,0,0,1,2,1.0,12.0,8.0
800,40,2.995732273553991,115,18,11,1,35,1,0,1,1,0,1.0,8.0,8.0
1417,48,3.3850962287827895,125,17,9,4,34,1,0,0,1,3,1.0,13.0,12.0
635,40,2.7647455447787554,128,18,8,13,36,0,0,0,1,2,1.0,16.0,16.0
1000,40,3.2188758248682006,103,12,17,2,34,1,0,0,1,1,1.0,8.0,
1424,50,3.349202086543775,98,14,15,4,35,1,0,0,1,1,1.0,12.0,12.0
2668,75,3.5715962934992036,108,13,12,2,32,1,0,1,1,1,2.0,12.0,12.0
666,75,2.1838015570040787,129,18,8,12,38,1,0,0,0,2,1.0,18.0,18.0
1779,40,3.794927233551899,132,17,8,9,32,1,0,0,1,1,1.0,17.0,14.0
782,40,2.972975286431375,92,13,9,10,31,1,0,0,1,3,3.0,8.0,
1572,35,3.804755911499738,108,14,7,5,28,1,1,0,1,1,,12.0,8.0
1274,40,3.4610373820181723,106,13,11,12,31,1,0,0,1,0,1.0,15.0,12.0
714,35,3.0155349008501706,105,16,9,2,29,1,0,0,1,1,2.0,13.0,12.0
1081,40,3.296762363525272,123,18,11,7,36,1,0,0,0,1,1.0,12.0,12.0
692,40,2.8507065015037334,108,12,21,11,38,1,0,0,1,3,1.0,8.0,7.0
1318,38,3.546284555336067,122,17,10,9,33,1,0,0,1,1,,12.0,8.0
1239,45,3.3153973918588227,109,12,16,4,38,1,0,0,1,3,3.0,12.0,
1027,27,3.638560343924229,100,13,12,15,38,1,0,0,1,3,3.0,10.0,9.0
1748,55,3.45889437098301,125,18,12,12,34,1,0,0,1,1,2.0,14.0,15.0
981,40,3.1996930054514268,122,14,9,15,35,0,0,0,1,3,2.0,12.0,
770,40,2.9575110607337933,105,17,7,11,30,1,0,0,1,3,1.0,12.0,12.0
1154,50,3.138966441639899,94,16,11,5,33,1,0,0,1,1,,12.0,12.0
1155,40,3.3629761688419575,102,12,16,5,34,1,0,0,1,1,2.0,12.0,
808,60,2.6002174962989946,109,13,14,12,38,1,0,0,1,2,2.0,12.0,10.0
1100,40,3.3141860046725258,105,12,22,14,38,1,0,0,1,1,1.0,12.0,12.0
1154,40,3.3621099929541085,134,18,10,10,37,1,0,1,1,2,1.0,12.0,12.0
1749,40,3.777920020904666,108,12,13,9,29,0,0,0,1,7,1.0,12.0,9.0
1000,50,2.995732273553991,104,16,11,8,30,1,0,0,1,1,1.0,12.0,11.0
462,40,2.446685436967803,112,12,11,1,29,1,0,0,1,8,3.0,12.0,
769,55,2.637757784273173,120,18,8,12,32,0,0,0,1,1,1.0,11.0,8.0
875,50,2.8622008809294686,124,16,9,3,31,0,0,0,0,2,2.0,17.0,16.0
1375,40,3.5373295559867355,103,12,12,7,29,1,0,0,1,4,2.0,12.0,10.0
1452,45,3.4740347056144216,115,17,1,7,30,1,0,0,1,3,1.0,12.0,14.0
800,40,2.995732273553991,96,12,17,12,35,1,0,0,1,1,2.0,6.0,8.0
1748,55,3.45889437098301,123,17,10,7,36,1,0,0,1,1,1.0,12.0,12.0
1151,40,3.359506954607946,98,12,12,12,29,1,0,0,1,3,4.0,12.0,8.0
840,50,2.8213788864092133,96,12,18,13,35,1,0,0,1,2,1.0,12.0,8.0
978,45,3.0788471802644977,89,12,17,2,38,1,0,0,1,0,1.0,12.0,
963,40,3.181173957684189,109,12,15,15,37,0,0,0,0,5,,,7.0
619,42,2.690435654401228,93,12,10,10,28,0,0,0,1,8,,9.0,11.0
442,60,1.9969653198555974,82,12,12,0,33,1,0,0,1,2,3.0,12.0,9.0
600,40,2.70805020110221,120,15,12,1,38,1,0,0,0,3,4.0,12.0,
1366,38,3.5820558804043494,122,12,15,15,32,1,0,0,1,1,2.0,12.0,
1643,48,3.533078107129377,117,18,8,2,33,1,0,0,1,2,2.0,12.0,18.0
1455,40,3.5938817254916566,109,16,8,13,36,1,0,0,1,1,2.0,8.0,8.0
2310,40,4.056123349401903,114,18,12,7,38,1,0,0,1,2,,12.0,16.0
1682,45,3.6210763507625736,126,16,10,11,31,1,0,0,1,1,1.0,12.0,16.0
1235,40,3.4299467949481413,82,12,10,2,33,1,0,0,1,1,1.0,11.0,11.0
855,45,2.9444389791664403,119,16,11,4,32,1,0,0,1,3,1.0,12.0,9.0
1072,42,3.239611723347379,104,16,6,8,35,1,0,0,1,2,2.0,12.0,6.0
1040,40,3.258096538021482,115,15,8,15,35,1,0,0,1,3,4.0,,11.0
1000,50,2.995732273553991,97,12,17,15,36,1,0,0,1,1,2.0,12.0,12.0
675,40,2.8258332367585934,105,15,8,2,31,1,0,0,0,3,,14.0,12.0
1100,37,3.3921475461422377,100,12,14,1,30,1,0,0,1,1,2.0,7.0,7.0
996,50,2.991724252156452,114,12,5,14,31,1,0,0,1,2,1.0,12.0,10.0
732,40,2.9069010598473755,73,10,17,5,36,1,0,0,1,5,6.0,,
1200,40,3.4011973816621555,96,11,15,3,37,1,0,0,1,4,3.0,8.0,8.0
1694,30,4.033650493549844,113,15,9,8,29,0,0,0,1,3,1.0,12.0,16.0
686,55,2.523544442493414,106,10,15,3,36,1,0,1,1,4,5.0,14.0,10.0
754,40,2.93651291389402,104,13,9,5,32,1,0,0,1,1,2.0,8.0,
857,35,3.198089857108366,80,10,14,15,33,1,0,0,1,2,1.0,,12.0
832,50,2.8118094353930627,104,13,4,2,30,1,0,0,1,1,2.0,12.0,8.0
579,44,2.577112843654734,122,13,8,1,30,1,0,0,0,4,1.0,16.0,16.0
672,61,2.399384476349838,96,12,13,3,34,1,0,0,1,2,,12.0,13.0
2500,40,4.135166556742356,95,15,12,9,36,1,0,0,1,3,1.0,16.0,16.0
1076,45,3.17434325095141,105,12,5,8,31,0,0,0,1,1,1.0,16.0,17.0
750,40,2.9311937524164198,94,12,16,3,37,1,1,0,1,7,3.0,8.0,8.0
1186,30,3.6771441978955153,91,17,8,9,33,1,0,0,1,1,1.0,12.0,14.0
833,48,2.853832631258952,96,16,9,7,31,1,0,0,1,4,4.0,12.0,14.0
650,40,2.7880929087757464,69,12,14,11,30,1,1,0,1,3,4.0,10.0,9.0
1250,46,3.302257433807252,110,12,5,16,38,1,0,0,0,1,1.0,,12.0
1122,48,3.1516670751747506,111,15,12,9,31,1,0,0,1,3,1.0,9.0,12.0
865,40,3.073850052817943,110,16,1,11,31,1,0,0,1,3,1.0,9.0,12.0
808,40,3.005682604407159,97,16,10,7,29,1,0,0,1,3,3.0,9.0,12.0
1299,60,3.075005454448499,125,18,6,12,35,0,0,0,1,1,2.0,8.0,8.0
903,40,3.116843099303049,91,12,6,12,36,1,0,0,1,5,4.0,9.0,10.0
900,40,3.1135153092103742,86,12,17,15,37,1,0,0,1,5,3.0,8.0,10.0
625,40,2.7488721956224653,110,12,18,0,35,1,0,0,1,4,1.0,9.0,8.0
1586,40,3.680090948080857,92,14,16,1,36,1,0,1,1,4,4.0,12.0,
962,40,3.1801349965517702,85,10,15,16,38,1,0,0,1,1,2.0,9.0,12.0
1539,45,3.5322256440685598,120,17,7,8,34,1,0,0,1,1,1.0,8.0,8.0
1110,52,3.0608715757249523,106,12,11,6,33,1,0,0,0,5,2.0,12.0,12.0
1282,45,3.3495141477102957,112,16,6,6,31,0,0,1,1,2,2.0,12.0,12.0
770,48,2.775189503939839,91,12,13,2,38,1,0,0,1,1,2.0,10.0,8.0
1000,45,3.101092789211817,90,12,16,0,38,1,0,0,1,6,3.0,10.0,12.0
895,40,3.107944264160919,86,9,17,16,38,1,1,0,0,2,,,12.0
1205,40,3.405355391810819,86,10,13,0,32,1,1,0,1,5,5.0,8.0,
750,40,2.9311937524164198,113,12,11,10,29,1,0,0,0,1,,12.0,12.0
654,50,2.5710843460290524,111,13,5,16,38,1,0,0,1,3,3.0,12.0,9.0
601,48,2.527393923627317,111,12,15,3,33,1,0,0,1,0,1.0,12.0,12.0
600,40,2.70805020110221,106,13,10,11,28,1,0,0,1,6,,8.0,7.0
433,40,2.3818582738885534,98,12,11,10,30,0,0,0,1,1,1.0,12.0,11.0
1188,40,3.391147045808654,105,12,11,7,30,1,0,0,1,3,1.0,12.0,10.0
635,40,2.7647455447787554,105,12,15,15,33,1,0,0,0,2,2.0,10.0,
1225,40,3.421816668864891,118,13,9,14,32,1,0,0,1,0,1.0,12.0,9.0
1151,45,3.2417239189515628,90,12,19,19,36,1,0,0,1,1,1.0,12.0,8.0
865,40,3.073850052817943,95,12,15,11,32,0,0,0,1,3,1.0,9.0,8.0
1031,40,3.2494050299030235,112,14,9,5,29,1,0,0,1,4,2.0,12.0,12.0
1049,55,2.9482594231638264,120,12,9,11,32,1,0,0,1,3,2.0,12.0,10.0
1000,45,3.101092789211817,123,12,12,1,29,1,0,0,1,3,3.0,12.0,10.0
1105,40,3.3187211598379167,103,13,10,11,30,1,0,0,1,1,1.0,16.0,15.0
1924,50,3.6501386257975055,121,18,11,7,35,1,0,0,1,3,1.0,16.0,18.0
1346,40,3.5160130560907366,90,16,9,16,38,1,0,0,1,1,1.0,12.0,12.0
809,65,2.5214116471628545,125,12,11,10,29,1,0,0,1,0,1.0,12.0,12.0
1495,45,3.503218996054467,109,18,10,3,32,1,0,0,1,3,1.0,9.0,8.0
1346,50,3.2928695047765273,128,16,10,1,33,0,0,0,0,3,1.0,10.0,9.0
1200,40,3.4011973816621555,97,12,10,4,31,1,0,0,1,3,1.0,12.0,12.0
500,40,2.5257286443082556,96,12,6,0,33,1,0,1,1,4,4.0,12.0,12.0
1325,45,3.382505248650003,97,12,12,5,28,1,0,0,1,1,2.0,12.0,8.0
900,40,3.1135153092103742,78,12,16,5,33,1,1,0,1,4,1.0,7.0,6.0
800,40,2.995732273553991,112,12,15,3,34,1,0,0,1,6,4.0,7.0,
800,40,2.995732273553991,88,12,16,7,38,1,0,0,1,3,2.0,2.0,5.0
1034,40,3.2523106009544382,97,12,15,16,36,1,0,0,1,14,10.0,14.0,11.0
980,40,3.1986731175506815,101,12,4,12,36,1,0,0,1,1,,6.0,9.0
884,40,3.095577608523707,106,10,19,12,34,1,0,0,1,2,1.0,7.0,10.0
480,40,2.4849066497880004,59,10,11,5,34,0,0,0,1,0,1.0,8.0,6.0
923,40,3.138749780388916,105,18,7,14,34,1,0,0,1,1,1.0,12.0,12.0
513,45,2.4336133554004498,119,17,8,5,31,0,0,0,1,1,1.0,12.0,8.0
1105,40,3.3187211598379167,93,11,17,16,37,0,0,0,1,2,2.0,8.0,8.0
1193,50,3.17220341666977,82,12,19,10,36,1,0,1,1,0,1.0,12.0,
2771,50,4.014940539434832,134,18,6,7,34,1,0,0,1,4,3.0,16.0,16.0
779,40,2.969131591756812,84,12,9,6,30,1,0,0,1,0,1.0,8.0,12.0
950,60,2.762117422372486,98,11,13,6,31,1,0,0,1,2,1.0,12.0,12.0
1394,40,3.551053137206533,118,16,11,8,30,1,0,0,0,2,1.0,13.0,12.0
1495,45,3.503218996054467,113,17,13,9,33,1,0,0,1,3,3.0,12.0,8.0
650,40,2.7880929087757464,100,12,4,3,28,1,0,0,1,6,2.0,9.0,11.0
670,40,2.8183982582710754,93,13,9,5,29,1,0,0,1,2,,12.0,12.0
1126,40,3.3375473545856993,119,16,5,8,32,1,0,0,1,1,1.0,12.0,10.0
450,64,1.9503644994046936,67,12,11,1,33,0,1,0,1,6,1.0,11.0,4.0
1028,40,3.246490991901174,111,12,19,12,37,1,1,1,1,3,4.0,12.0,
2404,50,3.872866290226952,106,15,8,0,32,1,0,0,1,2,1.0,12.0,12.0
1899,40,3.8602032566983495,127,18,9,14,36,0,0,0,1,0,1.0,10.0,
757,40,2.9404837993235127,113,16,10,9,33,1,0,0,1,2,1.0,12.0,12.0
1250,40,3.4420193761824107,115,14,9,1,29,1,0,0,1,2,2.0,12.0,12.0
1162,48,3.1866969265039655,102,16,8,11,31,1,0,0,1,3,2.0,12.0,
1025,40,3.2435684374585723,85,15,9,13,29,1,1,0,1,6,1.0,14.0,12.0
1100,50,3.091042453358316,117,16,11,12,32,1,0,0,0,0,1.0,12.0,10.0
714,35,3.0155349008501706,125,16,7,5,28,1,0,0,1,4,1.0,10.0,10.0
1318,35,3.628522653573039,118,16,16,17,37,1,0,0,0,1,1.0,8.0,12.0
1411,45,3.4453914620824944,121,18,14,3,38,1,0,0,1,3,2.0,12.0,16.0
2162,40,3.9899095440852173,115,17,4,4,38,1,0,0,1,1,1.0,12.0,12.0
1273,55,3.1417984133249357,120,14,11,16,36,1,0,0,0,1,1.0,12.0,
1140,48,3.1675825304806504,109,12,16,15,35,1,0,0,1,2,2.0,11.0,6.0
578,40,2.670694414558441,109,13,7,4,30,0,0,0,1,1,,12.0,11.0
942,40,3.159125820462427,85,12,7,10,38,1,0,0,1,4,5.0,,
1058,40,3.2752561583043085,85,12,17,8,38,1,0,0,0,4,1.0,12.0,
750,40,2.9311937524164198,106,14,9,9,29,1,0,0,1,1,2.0,11.0,10.0
1000,60,2.8134107167600364,101,12,11,6,30,1,0,0,1,3,1.0,10.0,10.0
951,60,2.7631695003232895,116,12,9,7,30,1,0,0,1,4,5.0,12.0,9.0
635,47,2.6034773971826333,91,12,13,2,31,1,0,0,1,2,2.0,7.0,7.0
1250,40,3.4420193761824107,91,12,13,1,34,1,0,0,1,3,1.0,11.0,5.0
675,40,2.8258332367585934,110,12,6,15,34,1,0,0,1,2,1.0,7.0,
400,40,2.302585092994046,75,12,11,6,32,1,0,0,1,4,,7.0,12.0
577,50,2.4458192610799534,94,12,9,8,29,1,0,0,1,2,,12.0,8.0
590,40,2.691243082785829,109,13,10,7,29,1,0,0,0,2,2.0,12.0,12.0
923,50,2.9156062290747062,122,16,10,10,31,1,0,0,0,1,2.0,8.0,8.0
1250,50,3.2188758248682006,102,12,6,2,32,0,0,0,1,4,2.0,11.0,8.0
1100,40,3.3141860046725258,122,14,11,8,33,1,0,0,1,2,3.0,8.0,10.0
1130,50,3.1179499062782403,105,12,18,2,37,1,0,0,1,4,2.0,10.0,10.0
652,50,2.5680215564985067,113,12,14,4,36,0,0,0,1,1,2.0,9.0,9.0
618,42,2.6888188391743224,104,12,6,2,30,1,0,0,1,3,2.0,8.0,12.0
962,50,2.9569914452375605,124,16,7,14,34,1,0,0,1,2,2.0,9.0,11.0
529,40,2.582108977744363,110,13,14,11,32,1,0,0,0,1,1.0,12.0,8.0
817,40,3.0167596407460664,95,12,16,14,33,1,0,0,0,2,1.0,12.0,12.0
962,40,3.1801349965517702,120,16,8,9,32,1,0,0,0,0,1.0,18.0,
840,40,3.044522437723423,105,12,19,15,38,1,0,0,0,3,1.0,12.0,8.0
866,40,3.075005454448499,121,16,7,4,28,1,0,0,0,1,,12.0,12.0
2404,50,3.872866290226952,96,14,1,1,36,1,0,0,1,5,5.0,8.0,10.0
1126,40,3.3375473545856993,110,12,16,2,32,1,0,0,1,6,1.0,9.0,12.0
1160,40,3.367295829986474,92,12,8,8,31,1,0,0,0,4,1.0,12.0,11.0
723,40,2.8945297680448285,98,12,15,5,38,1,0,0,1,1,1.0,9.0,
1778,40,3.794364961959914,109,16,14,13,36,1,0,0,1,0,1.0,11.0,12.0
1903,48,3.679985856388259,118,18,13,5,36,1,0,0,0,0,1.0,11.0,11.0
1010,40,3.228826155721369,97,18,7,14,34,1,0,0,1,4,5.0,14.0,
971,40,3.1894470141773885,95,17,5,11,37,1,0,0,1,1,2.0,16.0,8.0
525,40,2.5745188084776873,99,12,9,2,34,1,0,0,1,2,1.0,10.0,8.0
525,40,2.5745188084776873,106,12,12,13,30,1,0,0,0,1,1.0,10.0,12.0
670,45,2.700615222614692,117,12,10,3,30,1,0,0,0,5,2.0,12.0,
500,45,2.407945608651872,90,12,19,4,37,1,0,0,0,0,1.0,12.0,6.0
1058,45,3.157473122647925,98,14,14,15,34,1,0,0,0,2,3.0,,
550,46,2.4812768817374216,95,12,18,15,35,1,0,0,1,1,1.0,12.0,11.0
500,45,2.407945608651872,115,12,14,1,32,1,0,0,1,1,2.0,12.0,11.0
727,55,2.5815932923010485,106,15,10,5,31,0,0,0,1,1,,12.0,12.0
865,40,3.073850052817943,114,12,6,8,30,1,0,0,0,2,3.0,8.0,8.0
1081,40,3.296762363525272,92,13,8,2,30,1,0,1,1,3,4.0,12.0,10.0
1304,45,3.3665292527162785,119,17,9,9,31,1,0,0,0,1,1.0,13.0,12.0
575,40,2.665490586683414,85,13,6,1,30,1,0,0,0,1,2.0,13.0,12.0
623,45,2.6278840290171335,98,16,7,1,30,1,0,0,0,3,1.0,12.0,12.0
515,45,2.4375044108934163,114,13,8,10,28,1,0,0,0,3,2.0,12.0,12.0
1273,55,3.1417984133249357,84,18,14,4,37,1,0,0,1,1,1.0,8.0,12.0
990,40,3.2088254890146994,108,13,13,9,33,1,0,0,0,4,1.0,16.0,16.0
600,40,2.70805020110221,107,12,16,6,33,1,0,0,0,5,6.0,8.0,4.0
1160,40,3.367295829986474,84,12,17,2,38,1,0,0,0,4,2.0,16.0,12.0
500,55,2.207274913189721,86,12,11,9,29,1,0,0,0,5,5.0,10.0,12.0
795,45,2.8716796248840124,88,12,17,18,35,1,0,0,0,2,2.0,10.0,12.0
500,50,2.302585092994046,97,11,20,3,37,1,0,0,0,2,1.0,,
740,50,2.6946271807700692,84,10,23,13,38,1,0,0,0,5,1.0,,9.0
1250,40,3.4420193761824107,117,16,10,7,33,1,0,0,1,1,1.0,12.0,14.0
1014,55,2.9143249989186577,110,16,13,9,30,0,0,0,1,1,2.0,12.0,14.0
1250,32,3.6651629274966204,104,13,13,3,33,1,0,0,1,3,3.0,9.0,
913,40,3.1278564264810322,110,14,4,13,29,1,0,0,1,3,4.0,9.0,
1346,40,3.5160130560907366,99,16,9,8,30,1,0,0,1,2,,11.0,12.0
445,40,2.409194828052304,80,10,19,0,38,1,0,0,0,5,5.0,,
265,40,1.890850371872286,101,12,18,2,37,1,0,0,1,1,2.0,,
1250,40,3.4420193761824107,117,14,7,1,28,1,0,0,1,1,2.0,12.0,12.0
1607,56,3.356772675002363,108,13,7,9,36,1,0,0,1,2,1.0,,
1452,35,3.7253491338953277,69,16,12,15,38,1,1,0,1,7,6.0,10.0,10.0
1391,50,3.325755186495297,109,12,14,8,32,1,1,1,1,1,2.0,11.0,9.0
821,45,2.9038606196821086,85,16,8,2,32,1,0,0,1,5,6.0,8.0,8.0
794,40,2.9882040071331994,114,16,9,7,29,1,0,0,1,1,2.0,11.0,9.0
500,30,2.8134107167600364,90,13,10,1,38,1,0,0,0,4,3.0,,
520,50,2.341805806147327,107,18,6,3,29,1,0,0,0,10,1.0,12.0,14.0
1730,50,3.543853682063679,117,18,12,12,37,1,0,0,1,1,2.0,12.0,8.0
1924,50,3.6501386257975055,112,18,9,10,38,1,0,0,1,6,1.0,16.0,18.0
1155,60,2.9575110607337933,106,18,10,2,37,1,0,0,1,3,3.0,14.0,18.0
2162,40,3.9899095440852173,116,15,9,4,31,1,0,0,1,2,1.0,12.0,17.0
923,50,2.9156062290747062,123,14,8,7,31,1,0,0,1,1,2.0,8.0,
1115,40,3.3277302297802827,118,16,12,13,33,1,0,0,1,1,1.0,8.0,
449,36,2.523503949286144,91,12,7,2,30,0,0,0,1,1,,,
1500,40,3.624340932976365,103,12,10,11,34,1,0,0,1,2,3.0,12.0,7.0
826,40,3.027715319407042,114,14,20,3,37,1,0,0,1,4,4.0,8.0,6.0
937,40,3.153803828124486,102,12,16,8,35,1,0,0,1,3,2.0,12.0,6.0
978,48,3.0143086591269266,104,12,19,15,36,1,0,0,1,5,6.0,6.0,
1031,40,3.2494050299030235,112,14,14,12,33,0,0,0,1,6,6.0,14.0,12.0
1272,40,3.459466289786131,107,12,10,1,30,1,0,0,1,4,3.0,12.0,12.0
1136,50,3.1232455938529506,117,14,16,12,34,1,0,1,1,2,3.0,12.0,12.0
800,45,2.8779492378976075,110,12,19,12,36,1,0,0,1,7,8.0,,
1339,38,3.562092185964787,96,12,8,9,33,1,0,0,1,0,1.0,12.0,11.0
1063,40,3.2799709242280115,90,12,14,12,32,1,1,0,1,2,2.0,8.0,12.0
935,44,3.056356895370426,97,12,10,6,29,1,0,0,1,2,2.0,8.0,7.0
808,40,3.005682604407159,99,12,18,13,38,1,1,0,1,0,1.0,9.0,8.0
375,40,2.2380465718564744,99,10,12,2,30,1,0,1,0,3,2.0,8.0,5.0
537,40,2.5971186403949282,97,12,14,8,31,0,1,0,1,2,1.0,11.0,
1082,55,2.979233274173956,95,12,11,4,29,1,1,0,1,2,2.0,11.0,
930,40,3.1463051320333655,126,14,10,1,31,0,0,0,1,3,,8.0,
1155,40,3.3629761688419575,109,17,13,4,38,1,0,0,0,3,3.0,12.0,8.0
548,40,2.617395832834079,86,11,7,0,33,1,1,0,1,5,2.0,11.0,
622,45,2.6262776029688597,119,16,12,1,33,1,0,0,1,0,1.0,12.0,12.0
841,40,3.0457122058590116,102,16,10,1,29,1,0,0,1,3,1.0,12.0,12.0
769,55,2.637757784273173,105,18,7,15,38,0,0,0,1,2,3.0,9.0,5.0
587,38,2.7374386601017107,117,17,8,5,29,1,0,0,0,3,3.0,12.0,
1924,45,3.755499141455332,112,16,17,18,38,1,0,0,1,1,1.0,12.0,12.0
1058,40,3.2752561583043085,89,12,7,3,29,1,0,0,1,2,,8.0,6.0
417,48,2.1618852108909103,131,12,7,1,28,0,0,0,1,1,2.0,12.0,6.0
1202,48,3.220541104187262,114,16,6,6,28,1,0,0,1,3,3.0,16.0,16.0
1154,40,3.3621099929541085,98,14,18,2,37,1,0,0,1,1,,10.0,14.0
1070,40,3.2865344733420154,124,13,4,9,32,1,0,0,1,0,1.0,,
1202,40,3.4028626609812167,125,14,10,11,29,1,0,0,1,2,3.0,12.0,12.0
711,45,2.760009940032921,100,18,13,3,36,1,0,0,1,1,,10.0,16.0
1202,40,3.4028626609812167,84,14,6,5,31,1,1,0,1,2,1.0,11.0,9.0
850,43,2.9840362337907997,113,12,7,3,28,1,0,0,1,1,2.0,8.0,12.0
1000,40,3.2188758248682006,102,16,13,11,35,1,0,0,1,6,2.0,10.0,12.0
490,49,2.302585092994046,82,18,7,8,31,0,0,0,1,2,,12.0,9.0
1000,40,3.2188758248682006,112,14,15,4,35,1,0,0,1,4,1.0,12.0,10.0
865,40,3.073850052817943,111,16,11,4,31,1,0,1,1,4,5.0,8.0,5.0
1375,40,3.5373295559867355,96,13,3,3,30,1,0,0,1,3,1.0,11.0,8.0
1586,40,3.680090948080857,127,16,16,12,37,1,0,0,1,4,4.0,16.0,16.0
1602,65,3.2046208577326674,97,15,14,14,37,1,0,0,1,1,1.0,8.0,
3078,65,3.8576480445031875,120,14,12,13,36,1,0,1,1,1,2.0,12.0,
898,40,3.1112906141882632,101,16,7,9,35,0,0,0,1,3,4.0,16.0,14.0
906,40,3.120159851929043,120,14,16,2,37,1,0,0,1,5,1.0,12.0,12.0
952,40,3.169685580677429,99,13,10,10,31,1,1,0,1,1,1.0,8.0,10.0
571,40,2.658509755542074,78,13,10,1,29,0,1,0,1,5,5.0,8.0,9.0
445,45,2.2914117923959205,110,12,15,13,32,0,0,0,1,2,2.0,5.0,11.0
289,40,1.9775472339984959,94,12,9,0,30,1,0,0,1,2,3.0,5.0,11.0
1444,40,3.586292865338835,120,16,12,15,37,1,0,0,1,1,2.0,17.0,13.0
962,55,2.8616812654332358,108,12,19,21,36,1,0,0,1,3,1.0,8.0,8.0
1075,40,3.2911964864478267,103,12,17,10,33,1,0,0,1,13,3.0,11.0,11.0
909,55,2.805011908945008,97,11,17,5,35,1,0,0,1,7,3.0,,
1250,40,3.4420193761824107,106,12,14,19,35,1,0,0,1,4,1.0,11.0,13.0
620,40,2.740840023925201,99,11,10,5,29,1,1,0,1,11,5.0,,
1016,40,3.2347491740244907,72,10,14,15,37,1,1,0,1,8,9.0,11.0,
800,40,2.995732273553991,88,10,21,14,37,1,1,0,1,8,1.0,11.0,8.0
1050,40,3.2676659890376327,119,16,7,18,37,0,0,0,1,2,2.0,12.0,13.0
1079,50,3.0717669598299886,87,12,18,9,36,1,0,0,1,5,5.0,8.0,
654,50,2.5710843460290524,121,17,12,13,34,1,0,0,1,1,2.0,11.0,12.0
781,50,2.7485521444115397,112,12,8,10,30,1,0,0,1,2,2.0,12.0,8.0
1038,48,3.073850052817943,103,15,8,2,36,1,0,1,0,2,1.0,12.0,15.0
1924,50,3.6501386257975055,99,16,16,14,37,1,0,0,1,0,1.0,16.0,18.0
1202,40,3.4028626609812167,101,15,15,17,37,1,0,0,1,3,2.0,12.0,12.0
666,70,2.25279442849103,117,15,8,2,32,1,0,0,1,0,1.0,,
905,45,3.0012724539296065,109,14,11,14,36,1,0,0,1,3,4.0,8.0,8.0
890,70,2.5427262206768266,73,12,6,8,31,1,0,0,1,3,1.0,12.0,12.0
817,40,3.0167596407460664,116,16,10,7,31,1,0,1,0,1,2.0,16.0,16.0
812,40,3.0106208860477417,98,12,10,2,29,0,0,0,1,3,2.0,12.0,12.0
577,60,2.263497704285999,104,14,6,2,30,1,0,1,1,2,3.0,14.0,12.0
756,40,2.9391619220655967,78,14,9,2,31,1,0,0,1,2,2.0,12.0,12.0
1011,40,3.229815764906535,104,12,20,7,37,1,0,1,1,0,1.0,,
1155,45,3.245193133185574,85,12,14,1,34,1,0,0,1,2,1.0,12.0,12.0
1025,40,3.2435684374585723,104,12,12,7,29,1,0,0,1,3,4.0,12.0,10.0
1350,40,3.518980417318539,107,12,17,12,35,1,0,0,0,2,3.0,,
1001,40,3.219875325201284,109,12,20,22,37,1,0,0,1,1,1.0,8.0,10.0
796,48,2.808398174936492,119,13,16,15,37,1,1,0,1,7,1.0,11.0,
1230,50,3.202746442938317,96,13,11,12,30,1,0,0,1,3,2.0,10.0,11.0
754,40,2.93651291389402,93,12,13,1,30,1,0,0,1,5,,,
714,40,2.8820035082256483,90,12,17,1,37,1,0,0,0,5,3.0,12.0,12.0
1000,45,3.101092789211817,103,15,8,3,32,1,0,0,1,3,4.0,12.0,
2067,40,3.944974105567832,106,16,12,13,33,1,0,1,1,2,1.0,14.0,12.0
912,40,3.126760535960395,96,16,11,5,30,1,0,0,1,2,2.0,14.0,12.0
600,40,2.70805020110221,114,12,8,5,30,1,0,1,1,6,3.0,8.0,8.0
951,40,3.168634608431454,86,11,13,1,31,1,0,0,1,3,4.0,9.0,
711,45,2.760009940032921,110,16,8,5,32,1,0,1,1,3,2.0,13.0,12.0
1151,48,3.1771853978139917,87,12,18,9,38,1,0,0,1,2,1.0,12.0,12.0
1000,40,3.2188758248682006,89,12,9,5,28,1,0,0,1,2,3.0,13.0,12.0
841,44,2.950402026054687,106,12,15,10,31,1,0,0,1,5,6.0,8.0,
400,70,1.742969305058623,100,12,12,3,32,1,0,0,1,3,2.0,5.0,8.0
1175,45,3.2623609368079394,111,12,17,14,34,1,0,0,1,0,1.0,16.0,4.0
1202,40,3.4028626609812167,100,12,18,2,37,1,0,0,1,0,1.0,12.0,12.0
1442,40,3.584906863730958,114,12,16,17,33,1,0,0,1,2,3.0,12.0,10.0
538,55,2.2805253749293133,98,18,5,1,34,1,0,0,1,2,2.0,13.0,
781,40,2.9716956957257494,89,11,13,10,30,1,0,0,1,3,1.0,9.0,8.0
750,60,2.5257286443082556,74,10,13,9,30,1,0,0,1,4,2.0,11.0,9.0
841,48,2.863390649065057,110,18,13,1,37,0,1,0,1,1,1.0,12.0,12.0
700,50,2.6390573296152584,130,13,14,1,38,1,0,0,1,1,2.0,11.0,14.0
1346,50,3.2928695047765273,108,16,9,4,36,1,0,0,1,1,2.0,12.0,10.0
800,45,2.8779492378976075,98,12,16,12,33,1,0,0,0,3,4.0,10.0,8.0
1250,40,3.4420193761824107,125,16,9,10,30,1,0,0,1,3,1.0,16.0,
1105,40,3.3187211598379167,104,16,5,8,29,1,0,0,1,3,1.0,12.0,12.0
475,52,2.2120710854532137,98,14,12,1,30,0,0,0,1,6,1.0,8.0,10.0
762,58,2.575503545140227,104,15,6,4,33,1,0,0,0,2,1.0,11.0,12.0
962,40,3.1801349965517702,120,12,18,19,36,1,0,0,1,3,,8.0,8.0
721,40,2.8917596831710126,134,13,9,9,30,0,0,1,1,3,3.0,8.0,8.0
800,50,2.772588722239781,92,9,18,13,34,1,0,0,1,0,1.0,8.0,8.0
658,40,2.800325477211381,129,16,11,9,30,1,0,0,1,2,1.0,13.0,16.0
1270,40,3.457892725338701,118,14,4,16,36,1,0,0,1,2,1.0,12.0,12.0
1313,40,3.49119042018886,107,12,11,7,28,1,0,0,0,1,,12.0,
824,42,2.9765009116261036,92,12,19,15,38,1,0,0,1,1,1.0,12.0,11.0
1442,40,3.584906863730958,118,16,6,7,29,1,0,0,1,2,1.0,16.0,12.0
1400,42,3.506557897319982,108,17,7,3,31,1,0,0,1,2,1.0,12.0,14.0
1038,50,3.033028058297688,119,12,20,5,36,1,0,0,0,3,3.0,12.0,8.0
668,43,2.7430880578430834,109,12,11,12,29,1,0,0,0,2,3.0,8.0,7.0
1100,40,3.3141860046725258,91,12,18,10,36,1,0,0,0,2,3.0,8.0,8.0
1000,45,3.101092789211817,118,14,9,7,30,1,0,0,1,3,1.0,12.0,10.0
523,43,2.4983813483713604,119,13,9,2,30,1,0,0,0,4,1.0,14.0,
1111,40,3.3241363355256937,103,14,13,13,31,1,0,0,0,6,3.0,14.0,12.0
962,40,3.1801349965517702,120,16,6,4,28,1,0,0,0,4,3.0,12.0,8.0
729,47,2.7415261302985994,122,18,6,13,34,1,0,0,1,3,3.0,8.0,6.0
690,40,2.847812143477369,119,12,9,5,28,1,0,0,1,1,2.0,8.0,
1010,50,3.005682604407159,104,11,15,7,38,1,0,0,0,6,1.0,9.0,6.0
600,40,2.70805020110221,96,11,7,2,29,1,0,1,1,4,3.0,8.0,8.0
596,40,2.7013612129514133,83,12,16,17,34,1,0,0,0,3,3.0,8.0,8.0
850,44,2.961046715566101,115,12,11,1,29,1,0,0,1,3,2.0,,
670,40,2.8183982582710754,88,12,9,2,29,1,0,0,1,7,3.0,10.0,8.0
793,40,2.986943767520912,96,12,17,18,36,1,0,0,0,4,5.0,8.0,8.0
1442,40,3.584906863730958,123,17,14,7,38,1,0,1,0,2,3.0,12.0,6.0
670,50,2.5952547069568657,108,12,14,8,34,1,0,1,1,5,1.0,11.0,7.0
876,45,2.9687036011660717,116,16,10,8,29,1,0,0,1,2,1.0,12.0,12.0
841,40,3.0457122058590116,109,18,13,2,36,1,0,0,0,3,4.0,16.0,12.0
975,40,3.193558016883911,97,13,8,0,31,1,0,0,1,3,1.0,12.0,12.0
1223,40,3.420182681573236,107,12,7,3,28,1,0,0,0,1,1.0,12.0,10.0
910,30,3.41224721784874,95,12,16,5,35,1,0,1,1,2,3.0,12.0,14.0
533,45,2.4718589343955246,109,15,8,2,30,1,0,0,1,2,2.0,15.0,12.0
750,40,2.9311937524164198,104,12,15,11,33,1,0,0,0,0,1.0,12.0,12.0
1206,40,3.4061849231731944,110,12,16,4,38,1,0,0,1,1,1.0,12.0,12.0
745,40,2.924504764265623,94,13,17,1,36,0,0,0,0,2,3.0,13.0,8.0
900,40,3.1135153092103742,103,12,15,1,37,1,0,1,0,3,3.0,8.0,6.0
1170,47,3.2146114260817433,123,14,9,14,32,1,0,0,1,3,4.0,8.0,12.0
540,50,2.379546134130174,113,12,12,3,31,1,0,0,0,5,4.0,6.0,12.0
550,40,2.6210388241125804,110,16,15,1,38,1,0,0,0,2,1.0,,
615,40,2.7327428136925818,100,14,9,4,30,1,0,0,0,3,3.0,12.0,12.0
909,40,3.1234656400635425,95,13,6,2,31,1,0,0,1,2,1.0,12.0,12.0
769,40,2.9562115153917077,100,12,18,12,36,1,0,0,0,1,2.0,8.0,8.0
984,40,3.202746442938317,108,13,17,18,37,1,0,0,1,4,1.0,15.0,8.0
833,60,2.6306890799447418,101,12,15,12,37,1,0,0,1,5,2.0,12.0,
879,70,2.530289655635818,90,12,17,10,35,0,0,0,1,1,2.0,12.0,16.0
1027,45,3.1277347201582386,115,12,16,7,35,1,0,0,1,4,3.0,8.0,5.0
1000,55,2.900422093749666,114,16,10,1,33,1,0,1,0,0,1.0,,
465,43,2.380837289893794,84,13,10,1,29,1,0,0,1,3,3.0,11.0,11.0
1100,40,3.3141860046725258,92,13,21,12,38,1,1,0,1,6,6.0,12.0,
641,45,2.6563669671503503,125,14,9,0,37,1,0,0,1,1,1.0,12.0,11.0
1035,48,3.0709556947915786,107,12,21,14,38,1,0,0,1,1,2.0,11.0,8.0
1212,40,3.4111477125153233,129,14,9,3,32,0,0,0,1,6,7.0,8.0,9.0
950,40,3.1675825304806504,98,12,11,6,30,1,0,0,1,3,4.0,12.0,12.0
938,44,3.0595603150879636,108,12,19,20,38,1,0,0,1,0,1.0,8.0,
1250,40,3.4420193761824107,114,16,8,8,30,1,0,0,1,5,3.0,2.0,8.0
586,60,2.278975227354912,111,18,6,10,34,1,0,0,0,3,1.0,12.0,11.0
693,53,2.5707380856377813,101,12,7,6,28,1,0,0,0,1,2.0,12.0,12.0
562,40,2.642622395779755,99,12,18,12,34,0,0,0,0,1,1.0,12.0,12.0
375,60,1.8325814637483102,75,12,12,5,30,0,0,0,0,4,1.0,12.0,8.0
673,40,2.8228658755307916,91,12,7,11,38,1,0,0,0,0,1.0,6.0,
654,50,2.5710843460290524,113,17,1,13,33,1,0,0,0,1,1.0,12.0,10.0
692,50,2.6275629501895237,120,12,17,7,35,1,0,0,0,3,4.0,8.0,
1111,40,3.3241363355256937,98,14,10,1,29,1,0,0,1,3,1.0,12.0,15.0
1368,45,3.414442608412176,107,16,11,1,33,1,0,1,1,2,2.0,16.0,16.0
1282,45,3.3495141477102957,121,18,7,13,32,1,0,0,1,2,2.0,12.0,12.0
1250,60,3.036554268074246,115,11,19,4,38,1,0,0,1,1,2.0,,
1346,40,3.5160130560907366,134,15,15,7,35,1,0,0,1,2,1.0,12.0,10.0
1424,50,3.349202086543775,96,17,15,12,37,1,0,0,1,2,3.0,,
854,48,2.878730182880679,120,16,8,5,29,0,0,0,1,2,3.0,12.0,16.0
888,50,2.876948737564024,105,15,9,5,32,0,0,0,1,2,2.0,12.0,10.0
1161,50,3.1450139762697455,121,12,5,10,34,1,0,0,1,5,6.0,10.0,
583,58,2.307744175804073,113,16,9,0,30,1,0,0,1,2,2.0,12.0,9.0
1260,45,3.332204510175204,106,12,5,3,29,1,0,0,1,2,1.0,12.0,13.0
947,48,2.9820980822781875,104,18,8,13,35,1,0,0,0,3,2.0,9.0,12.0
1850,40,3.834061463958434,80,11,14,15,33,1,0,0,1,3,,10.0,10.0
1575,40,3.6731310971457973,117,12,13,2,30,1,0,0,1,3,3.0,10.0,10.0
758,38,2.9930972259159856,126,16,10,8,28,0,0,0,1,2,2.0,12.0,12.0
1442,40,3.584906863730958,112,12,19,15,36,1,0,0,1,3,2.0,10.0,8.0
489,55,2.185029304242401,104,13,20,4,38,1,0,1,1,2,2.0,,
1126,40,3.3375473545856993,116,12,5,0,31,1,1,0,1,9,5.0,9.0,10.0
1000,40,3.2188758248682006,70,12,12,5,32,0,1,0,1,6,,8.0,8.0
500,70,1.9661128563728327,83,12,13,11,32,1,0,0,1,5,1.0,6.0,6.0
1200,50,3.1780538303479458,84,12,13,9,32,1,0,0,1,5,2.0,6.0,6.0
565,45,2.5301632413761213,82,10,15,3,33,1,0,0,0,4,4.0,,
1920,40,3.871201010907891,109,12,13,2,31,1,0,0,0,0,1.0,12.0,8.0
684,45,2.7212954278522306,111,14,7,7,29,1,0,0,1,4,1.0,12.0,12.0
774,40,2.962692419475791,94,12,20,4,37,1,0,0,0,1,1.0,12.0,7.0
233,60,1.3566938913436,96,16,7,4,30,1,0,0,0,3,,12.0,8.0
975,40,3.193558016883911,101,13,12,10,30,1,0,0,0,3,3.0,12.0,13.0
1366,40,3.530762586016799,90,12,13,1,30,1,0,0,1,3,3.0,12.0,12.0
2137,40,3.978278801205211,120,16,16,3,37,1,0,1,1,3,3.0,12.0,12.0
700,40,2.8622008809294686,120,16,10,1,29,1,0,1,1,1,1.0,12.0,12.0
1200,40,3.4011973816621555,108,12,16,11,33,1,0,0,1,3,2.0,8.0,
1161,40,3.3681575275839553,99,13,16,18,36,1,0,0,1,0,1.0,12.0,8.0
729,60,2.4973291697865574,80,11,16,15,34,1,0,0,1,6,1.0,12.0,6.0
750,45,2.8134107167600364,93,11,17,2,36,1,0,0,1,1,2.0,10.0,5.0
1026,45,3.126760535960395,85,12,4,16,38,1,0,0,1,1,2.0,,
1111,45,3.2063532998693103,118,15,11,3,32,1,0,0,1,3,1.0,11.0,10.0
625,50,2.5257286443082556,115,12,12,8,31,1,0,0,1,2,3.0,12.0,
1200,42,3.3524072174927233,119,16,11,5,30,1,0,0,1,5,1.0,10.0,11.0
1541,40,3.6513073812061796,94,12,8,1,32,1,0,0,1,8,3.0,12.0,11.0
1154,40,3.3621099929541085,109,16,12,9,34,1,0,0,1,0,1.0,13.0,16.0
310,40,2.0476928433652555,104,13,10,0,33,0,0,0,0,2,1.0,14.0,8.0
610,50,2.501435951739211,89,12,14,4,30,1,0,0,0,1,2.0,7.0,6.0
1749,43,3.70559935932504,101,12,16,17,36,1,0,0,0,2,2.0,12.0,8.0
1000,40,3.2188758248682006,96,16,9,1,31,0,0,1,1,4,2.0,12.0,7.0
350,40,2.169053700369523,109,12,14,1,36,1,0,0,0,1,1.0,9.0,7.0
765,45,2.833213344056216,94,12,17,18,37,1,0,0,0,10,6.0,4.0,6.0
790,40,2.9831534913471307,115,12,15,2,34,1,0,0,0,6,5.0,6.0,5.0
818,47,2.8567147348926887,92,12,16,17,38,1,0,0,0,12,1.0,8.0,4.0
477,60,2.0731719286662407,71,9,12,1,30,1,0,0,0,4,2.0,11.0,5.0
938,50,2.9317269435780786,130,14,15,1,33,1,0,0,0,3,1.0,12.0,11.0
2099,55,3.641883134588162,119,16,10,4,32,1,0,0,1,0,1.0,12.0,12.0
350,40,2.169053700369523,74,12,14,3,32,1,0,0,1,4,2.0,10.0,13.0
940,48,2.9746788643561586,104,12,13,0,32,1,1,0,1,7,2.0,12.0,8.0
1202,40,3.4028626609812167,124,15,11,8,28,1,0,0,1,2,2.0,10.0,
450,40,2.4203681286504293,94,15,9,4,31,1,0,0,0,1,1.0,12.0,
1058,40,3.2752561583043085,120,16,16,13,37,1,0,0,0,5,4.0,12.0,4.0
1000,40,3.2188758248682006,96,11,15,15,37,1,0,0,1,5,5.0,8.0,9.0
318,40,2.0731719286662407,67,12,16,5,36,1,1,1,1,6,,7.0,5.0
556,40,2.631888840136646,69,11,13,9,34,0,1,0,1,3,,8.0,8.0
958,60,2.77050321574876,98,12,11,9,28,1,0,0,1,0,1.0,12.0,11.0
995,40,3.2138632830446565,92,9,22,13,38,1,1,0,1,7,3.0,7.0,4.0
1600,50,3.4657359027997265,109,14,16,5,33,1,0,0,0,2,,9.0,10.0
606,45,2.6002174962989946,100,18,6,5,30,0,0,0,0,1,,12.0,12.0
511,45,2.429707100433385,101,12,13,1,30,1,0,0,1,4,2.0,11.0,12.0
1411,45,3.4453914620824944,111,16,11,12,32,1,0,1,1,1,1.0,12.0,9.0
1346,40,3.5160130560907366,106,16,15,11,37,1,0,0,1,1,1.0,8.0,14.0
1522,46,3.4991391419325364,102,12,15,16,37,1,0,0,0,3,2.0,12.0,10.0
1075,40,3.2911964864478267,115,14,9,10,30,1,0,0,0,2,1.0,12.0,10.0
1200,50,3.1780538303479458,99,12,11,11,28,1,0,0,1,5,4.0,10.0,8.0
1377,37,3.6167445860844305,118,16,15,1,36,1,0,0,1,2,2.0,11.0,10.0
874,55,2.7657471904230646,132,13,8,2,33,1,0,0,0,2,1.0,13.0,16.0
625,40,2.7488721956224653,108,13,11,9,30,1,0,0,1,3,,12.0,16.0
1250,32,3.6651629274966204,98,12,17,2,33,1,0,0,1,0,1.0,14.0,10.0
1082,40,3.2976870052924907,111,13,20,12,36,1,0,0,1,4,2.0,8.0,11.0
693,40,2.852150545075967,79,11,18,3,38,1,0,0,0,3,2.0,8.0,8.0
727,55,2.5815932923010485,97,12,11,11,31,1,0,0,0,3,1.0,12.0,11.0
615,50,2.509599262378372,99,15,16,15,38,1,0,0,0,2,3.0,12.0,14.0
913,40,3.1278564264810322,101,16,5,7,31,1,0,0,1,2,3.0,12.0,
884,46,2.955815666148548,120,17,4,10,36,1,0,0,0,2,1.0,12.0,18.0
698,43,2.78701898706881,97,12,10,4,29,1,0,0,1,2,3.0,8.0,8.0
800,55,2.6772785424354564,106,12,17,18,36,1,0,0,0,3,3.0,8.0,12.0
812,40,3.0106208860477417,131,16,9,3,30,0,0,0,0,1,1.0,12.0,12.0
1000,40,3.2188758248682006,93,11,16,14,34,1,0,0,1,1,,12.0,8.0
549,49,2.416278143398904,79,12,11,3,32,0,0,0,0,4,2.0,8.0,8.0
1300,35,3.6147714819602146,100,12,13,15,31,1,0,0,1,4,2.0,11.0,
923,50,2.9156062290747062,107,16,9,8,33,1,0,0,1,6,4.0,9.0,8.0
1539,40,3.650008679724943,112,12,15,15,32,1,0,0,0,3,1.0,,10.0
721,40,2.8917596831710126,105,12,11,9,30,1,0,0,0,3,2.0,12.0,10.0
815,40,3.0143086591269266,114,12,15,14,31,1,0,0,0,2,1.0,12.0,10.0
600,80,2.0149030205422647,116,12,20,2,38,1,0,0,0,10,10.0,8.0,
1100,40,3.3141860046725258,104,12,18,7,37,1,0,0,1,2,3.0,11.0,13.0
1058,40,3.2752561583043085,85,12,18,19,35,1,0,0,1,2,1.0,9.0,12.0
962,40,3.1801349965517702,93,12,15,1,30,1,0,0,1,2,2.0,9.0,12.0
433,50,2.1587147225743437,100,12,5,9,37,1,0,0,0,2,2.0,8.0,7.0
940,40,3.1570004211501135,71,11,9,2,29,1,0,0,0,2,3.0,,
1417,38,3.6187110799642945,88,16,9,10,32,0,0,0,1,2,1.0,12.0,12.0
1000,65,2.7333680090865,93,12,11,9,29,1,0,0,1,7,1.0,12.0,8.0
500,40,2.5257286443082556,98,13,14,5,32,1,0,0,0,3,4.0,12.0,8.0
800,50,2.772588722239781,110,14,8,5,28,1,0,0,1,3,4.0,12.0,10.0
766,40,2.952302715626655,109,12,17,18,35,1,0,0,0,4,3.0,,6.0
750,43,2.8588730908367936,94,14,12,10,33,1,0,0,0,1,1.0,11.0,12.0
550,40,2.6210388241125804,77,12,15,2,37,1,0,0,0,6,3.0,8.0,8.0
795,52,2.7270983960729045,89,11,16,4,34,1,0,0,1,6,1.0,,
723,40,2.8945297680448285,102,12,12,10,30,1,0,0,1,10,6.0,12.0,6.0
1039,40,3.257134536985291,113,14,12,8,34,1,0,0,1,1,2.0,16.0,14.0
200,55,1.2909841813155658,103,10,11,15,32,1,0,1,1,3,2.0,12.0,5.0
400,40,2.302585092994046,90,10,12,1,32,1,1,0,1,5,3.0,8.0,
575,40,2.665490586683414,96,11,17,1,35,1,0,1,1,2,1.0,12.0,7.0
850,40,3.056356895370426,97,11,16,5,37,1,0,1,1,1,1.0,12.0,6.0
508,50,2.318458442150336,87,12,16,1,32,1,1,1,1,2,1.0,10.0,
1162,45,3.2512354476415366,89,12,11,4,37,1,0,1,1,3,3.0,15.0,
1199,43,3.3280430393339517,70,13,13,5,30,1,1,1,1,3,1.0,8.0,
1270,40,3.457892725338701,104,16,8,4,31,1,0,1,1,3,4.0,16.0,17.0
350,45,2.05127066471314,116,16,5,3,33,1,0,1,1,2,2.0,11.0,12.0
963,40,3.181173957684189,85,14,9,9,28,1,1,1,1,5,1.0,7.0,
1463,45,3.4815819112498048,104,15,14,11,37,1,0,1,1,3,4.0,12.0,12.0
802,40,2.998229153752578,99,12,13,12,29,1,1,1,1,8,6.0,9.0,12.0
642,45,2.6579258139196416,93,12,12,7,30,1,1,1,1,1,2.0,6.0,6.0
751,40,2.932526197650198,114,13,9,2,28,1,0,1,1,2,2.0,12.0,10.0
488,40,2.501435951739211,103,17,5,3,31,1,0,1,1,1,,12.0,16.0
1400,40,3.5553480614894135,92,12,15,5,36,1,0,1,1,2,1.0,6.0,2.0
940,45,3.0392173854937297,98,18,10,7,31,1,0,1,1,2,2.0,8.0,12.0
866,40,3.075005454448499,114,13,15,16,37,1,0,1,1,3,1.0,12.0,
675,40,2.8258332367585934,77,12,20,4,38,1,1,1,1,5,2.0,12.0,6.0
375,40,2.2380465718564744,89,14,9,3,30,1,1,1,1,3,1.0,13.0,
325,40,2.094945728215801,93,14,10,1,33,1,1,1,1,1,,16.0,
346,40,2.157559320943788,110,12,16,17,38,1,0,1,1,2,,12.0,5.0
1442,40,3.584906863730958,132,17,8,1,33,1,0,1,1,3,1.0,8.0,12.0
560,49,2.436116485618568,112,16,13,2,32,1,0,1,0,3,1.0,8.0,2.0
550,56,2.2845665874913674,99,12,17,11,36,1,0,1,1,1,2.0,12.0,12.0
950,44,3.072272350676325,96,16,8,10,32,1,1,1,1,1,2.0,10.0,
684,45,2.7212954278522306,106,13,16,2,38,1,0,1,1,1,1.0,12.0,14.0
1322,40,3.498021566297695,128,16,7,1,33,1,0,1,1,0,1.0,18.0,
1634,40,3.709906821306012,95,12,18,3,38,1,0,1,1,3,3.0,,3.0
417,40,2.3442067676848652,80,12,8,0,30,0,0,1,1,3,4.0,8.0,7.0
472,45,2.350316495815236,71,11,9,0,32,1,0,1,1,13,6.0,6.0,6.0
666,50,2.589266665112243,89,12,16,1,34,1,1,1,1,6,1.0,9.0,
1679,55,3.41862047184507,127,18,10,3,32,1,0,1,1,1,2.0,12.0,16.0
1039,40,3.257134536985291,114,16,1,9,31,0,0,1,1,6,5.0,8.0,8.0
1250,40,3.4420193761824107,102,13,13,11,30,1,0,1,1,5,6.0,7.0,
760,40,2.9444389791664403,88,12,12,15,31,1,0,1,1,2,1.0,12.0,7.0
1154,42,3.3133198287846763,88,12,14,12,29,1,0,1,1,2,2.0,12.0,7.0
1602,60,3.2846635654062037,110,15,14,1,37,1,0,0,1,5,1.0,14.0,12.0
1442,40,3.584906863730958,110,13,13,13,29,1,1,1,1,1,2.0,7.0,9.0
865,40,3.073850052817943,130,16,5,3,30,1,0,0,1,4,2.0,8.0,12.0
705,50,2.6461747973841225,100,12,15,12,36,1,0,1,1,1,2.0,,
1000,40,3.2188758248682006,101,12,16,1,35,1,0,1,1,1,1.0,12.0,
852,44,2.9633968929110543,89,10,13,9,32,1,0,1,1,6,7.0,9.0,
770,40,2.9575110607337933,80,12,16,14,35,1,0,0,1,1,2.0,12.0,12.0
1000,40,3.2188758248682006,72,12,16,9,34,1,0,0,1,3,4.0,12.0,12.0
1329,55,3.1848488734807745,115,18,10,5,36,1,0,0,1,1,1.0,12.0,12.0
1682,40,3.738859386418957,115,16,10,4,37,1,0,1,1,1,2.0,12.0,17.0
577,55,2.3505090812756286,108,16,4,0,31,1,1,1,1,2,2.0,8.0,8.0
685,40,2.840539384148289,93,12,17,7,38,0,0,1,1,6,6.0,8.0,3.0
577,40,2.668962812394163,111,16,8,8,29,0,1,1,1,1,1.0,18.0,18.0
1040,40,3.258096538021482,101,12,19,9,38,1,1,1,1,6,1.0,11.0,12.0
1250,40,3.4420193761824107,92,16,10,11,32,0,0,1,1,1,1.0,12.0,10.0
600,40,2.70805020110221,115,13,7,7,28,0,0,1,1,4,5.0,5.0,
480,40,2.4849066497880004,76,12,17,3,35,0,1,1,1,8,5.0,11.0,10.0
1000,40,3.2188758248682006,93,11,11,0,29,1,0,1,1,5,3.0,12.0,12.0
988,48,3.0244816868399766,91,12,15,15,36,1,0,1,1,1,2.0,8.0,8.0
478,45,2.3629482427211363,90,10,19,10,34,1,0,1,1,2,1.0,9.0,9.0
440,40,2.3978952727983707,84,12,11,2,30,1,1,1,1,5,3.0,9.0,4.0
485,40,2.495269436823547,120,12,11,1,30,1,1,1,1,6,6.0,,
705,40,2.8693183486983322,89,9,19,0,36,1,1,1,1,0,1.0,,
1550,40,3.657130755799356,104,12,16,1,34,1,0,1,0,8,4.0,9.0,10.0
960,40,3.1780538303479458,107,12,11,9,29,1,1,1,1,11,2.0,6.0,9.0
1000,40,3.2188758248682006,100,12,16,14,32,1,0,1,1,2,3.0,12.0,12.0
625,40,2.7488721956224653,129,18,4,5,36,1,0,1,0,3,1.0,15.0,15.0
1346,40,3.5160130560907366,112,16,14,14,35,1,0,0,1,0,1.0,12.0,16.0
961,40,3.1790949548563563,76,12,13,13,31,0,1,0,1,13,5.0,,8.0
479,40,2.482821143296979,97,12,15,1,38,1,0,1,0,3,4.0,,
1201,50,3.1788868166518376,98,11,17,16,36,1,0,1,0,4,5.0,11.0,2.0
1346,45,3.398230020434353,60,16,8,2,31,1,0,1,1,2,3.0,,
1122,35,3.467520024593228,132,18,13,8,32,1,0,1,1,2,3.0,12.0,7.0
543,45,2.4904468301636156,90,14,5,7,38,1,1,1,1,1,2.0,6.0,
450,40,2.4203681286504293,63,11,12,4,31,1,1,1,1,7,2.0,7.0,
507,55,2.2211778183587123,110,14,10,4,32,1,0,1,1,2,2.0,13.0,16.0
547,60,2.2101042401998807,88,11,17,5,34,1,0,1,1,4,5.0,,
586,56,2.3479680988418634,98,11,18,16,35,1,0,1,1,2,2.0,,6.0
462,55,2.128231705849268,61,12,6,4,29,1,1,1,0,9,,8.0,3.0
705,40,2.8693183486983322,76,12,13,8,37,1,1,0,1,5,,,
1566,40,3.667400422436812,127,12,7,1,29,1,0,0,1,3,2.0,11.0,
1634,40,3.709906821306012,94,13,18,18,36,1,0,1,1,2,2.0,8.0,8.0
1282,45,3.3495141477102957,97,16,4,1,32,1,0,0,1,11,3.0,16.0,16.0
556,40,2.631888840136646,127,16,6,2,31,1,1,1,1,2,1.0,12.0,12.0
1200,40,3.4011973816621555,109,15,7,8,33,1,0,0,1,2,1.0,11.0,12.0
855,45,2.9444389791664403,89,12,6,6,31,1,0,1,0,4,3.0,3.0,3.0
1053,40,3.270519058020039,90,12,18,7,37,1,0,1,0,1,1.0,11.0,11.0
1000,48,3.036554268074246,105,12,11,4,28,1,0,1,0,0,1.0,12.0,7.0
900,55,2.7950615780918397,100,12,18,5,34,0,0,0,1,2,2.0,8.0,
1602,45,3.572345637857985,111,16,10,10,31,1,0,1,0,1,,16.0,12.0
508,50,2.318458442150336,125,17,9,2,31,1,0,1,1,3,1.0,16.0,13.0
1500,60,3.2188758248682006,124,16,6,6,29,1,0,1,0,2,,12.0,10.0
1682,50,3.5157158351047473,107,14,15,9,32,1,0,1,1,0,1.0,12.0,12.0
750,40,2.9311937524164198,110,13,13,1,35,1,0,1,1,2,,12.0,16.0
843,40,3.048087503887919,102,14,8,7,29,1,0,1,0,1,1.0,16.0,16.0
409,40,2.3248357019288655,93,12,17,18,38,0,0,1,0,0,1.0,,
1004,40,3.2228678461377385,81,12,17,15,34,1,0,1,0,1,1.0,12.0,
650,40,2.7880929087757464,99,12,13,10,30,1,0,1,0,1,2.0,12.0,10.0
808,40,3.005682604407159,93,12,17,9,37,1,1,1,0,4,1.0,,
2137,45,3.8604957655488277,102,13,8,2,30,1,0,1,0,0,1.0,12.0,12.0
761,48,2.763432346953795,95,12,14,21,38,1,0,1,1,1,1.0,12.0,5.0
769,40,2.9562115153917077,98,16,8,3,35,0,0,1,1,0,1.0,11.0,8.0
345,40,2.1546649629174235,84,12,7,8,31,1,1,1,1,2,2.0,,
495,40,2.515678308454754,88,12,6,10,31,1,0,1,1,2,1.0,,7.0
987,38,3.257083879707096,109,16,9,3,31,1,0,1,1,3,4.0,4.0,
2500,60,3.7297014486341915,82,12,21,1,38,1,0,1,0,3,3.0,8.0,5.0
1098,45,3.1945831322991562,105,14,6,1,32,0,0,1,1,1,2.0,12.0,
1212,40,3.4111477125153233,95,12,6,16,38,1,0,1,0,3,1.0,12.0,8.0
577,40,2.668962812394163,92,15,8,1,28,1,1,1,1,1,2.0,10.0,7.0
390,59,1.8886092952179727,74,15,10,3,30,1,1,1,1,3,3.0,7.0,6.0
1500,40,3.624340932976365,123,16,9,12,32,1,0,1,1,1,1.0,12.0,14.0
583,80,1.9861605516766108,86,12,9,1,30,1,0,1,1,2,2.0,12.0,12.0
460,40,2.4423470353692043,92,11,16,1,36,1,0,1,1,5,6.0,,
945,40,3.1623054733798064,87,12,12,13,38,1,0,1,1,2,2.0,8.0,
1442,60,3.179441755622794,117,16,9,3,31,1,0,1,1,1,2.0,12.0,10.0
1333,45,3.388524830408389,112,16,14,8,38,1,0,1,1,1,2.0,12.0,4.0
1500,37,3.702302474446077,119,15,8,5,33,0,0,0,1,1,1.0,12.0,18.0
1333,45,3.388524830408389,103,16,7,1,34,1,0,0,1,3,1.0,,
700,40,2.8622008809294686,74,12,16,4,36,1,1,1,1,3,,9.0,
973,36,3.296865143729895,81,13,11,5,32,1,0,1,1,0,1.0,6.0,9.0
2162,40,3.9899095440852173,124,18,10,8,32,1,0,1,1,1,1.0,10.0,10.0
797,41,2.9672826120859073,89,12,10,7,36,1,0,1,0,1,2.0,7.0,8.0
400,40,2.302585092994046,88,12,14,1,32,1,1,1,1,7,7.0,7.0,6.0
1015,40,3.2337644373619514,67,12,15,11,32,1,1,0,1,3,2.0,9.0,5.0
1744,43,3.7027364887753627,106,16,8,9,29,1,0,1,1,1,1.0,12.0,16.0
630,40,2.7568403652716422,103,15,14,2,32,1,0,1,0,0,1.0,11.0,5.0
445,40,2.409194828052304,91,12,11,4,32,1,0,1,0,0,1.0,6.0,8.0
660,42,2.7545702167371027,101,16,12,9,31,1,0,1,1,0,1.0,12.0,12.0
779,40,2.969131591756812,85,12,14,7,37,1,1,1,1,7,4.0,12.0,
377,40,2.2433657333340746,83,12,9,1,36,0,0,1,1,1,1.0,12.0,12.0
560,44,2.5437471498109336,70,12,16,11,35,1,1,1,1,2,1.0,8.0,
1122,60,2.928523523860541,102,17,7,13,32,1,0,1,1,2,2.0,12.0,11.0
453,50,2.203869120054888,94,12,9,2,30,1,0,1,0,6,4.0,7.0,7.0
1386,40,3.5452977256359124,97,10,17,9,37,1,0,1,1,1,2.0,12.0,8.0
1539,40,3.650008679724943,115,17,7,9,31,1,0,1,1,2,1.0,12.0,16.0
1154,40,3.3621099929541085,117,16,11,12,35,1,0,1,1,5,5.0,17.0,18.0
962,50,2.9569914452375605,105,14,15,2,37,1,0,1,1,3,4.0,8.0,4.0
722,55,2.574691953660355,113,16,8,1,38,0,0,1,1,1,2.0,8.0,
480,40,2.4849066497880004,83,12,9,3,37,1,0,1,1,4,3.0,10.0,11.0
808,50,2.7825390530929495,101,18,8,9,38,1,0,1,0,3,2.0,17.0,12.0
1442,40,3.584906863730958,113,13,14,8,36,1,0,1,1,2,1.0,12.0,12.0
1091,50,3.0828269804049246,88,13,13,4,37,1,0,0,1,4,1.0,12.0,
350,40,2.169053700369523,93,12,16,0,33,0,1,1,1,1,1.0,12.0,
500,40,2.5257286443082556,83,12,18,11,36,1,1,1,1,0,1.0,7.0,
1026,45,3.126760535960395,113,16,9,13,30,1,0,1,1,2,2.0,16.0,14.0
577,40,2.668962812394163,106,17,11,7,33,0,1,1,1,3,2.0,13.0,16.0
1333,60,3.100842757956608,106,15,5,1,30,1,0,1,1,2,2.0,12.0,12.0
915,55,2.8115908800430502,114,12,17,9,37,1,0,0,1,1,,10.0,
1105,40,3.3187211598379167,119,16,9,10,30,0,0,1,1,5,1.0,11.0,10.0
910,40,3.1245651453969594,82,14,5,5,30,1,1,1,1,10,,9.0,3.0
1000,40,3.2188758248682006,89,12,17,8,38,1,0,1,1,7,7.0,1.0,4.0
1160,40,3.367295829986474,74,12,14,1,33,1,1,1,1,9,6.0,3.0,4.0
1001,34,3.3823942546990593,77,12,12,3,29,1,1,1,1,9,8.0,3.0,4.0
713,40,2.8806019663003597,75,12,5,12,36,1,1,1,1,7,4.0,,
929,40,3.1452292846999024,97,13,12,5,30,1,0,1,1,2,1.0,12.0,12.0
400,50,2.0794415416798357,68,12,4,9,31,1,1,1,1,6,1.0,6.0,2.0
1241,40,3.434793331090671,83,13,9,10,33,1,0,1,1,2,3.0,12.0,12.0
1065,40,3.2818506240295893,97,12,21,10,36,1,0,1,1,1,1.0,12.0,
403,45,2.1922740721763634,98,12,5,3,30,1,0,1,1,2,,12.0,12.0
940,45,3.0392173854937297,102,13,15,12,30,1,1,1,1,2,2.0,,
812,40,3.0106208860477417,81,10,17,13,34,1,1,1,1,2,2.0,8.0,3.0
700,20,3.5553480614894135,85,10,13,0,35,1,1,1,1,3,,6.0,10.0
575,40,2.665490586683414,86,10,12,6,33,1,1,1,1,8,,,
450,40,2.4203681286504293,79,10,20,5,36,1,1,1,1,7,6.0,12.0,12.0
621,43,2.6701309662399164,84,12,14,10,31,1,0,1,0,4,3.0,8.0,6.0
441,38,2.4514587157204604,74,12,12,11,30,1,0,1,0,4,4.0,8.0,6.0
625,40,2.7488721956224653,92,16,6,9,33,1,1,1,0,11,1.0,,
726,45,2.7808875250544762,93,12,16,5,36,1,0,1,0,5,2.0,6.0,
500,40,2.5257286443082556,69,9,21,13,38,1,1,1,1,8,6.0,6.0,
1000,44,3.123565645063876,113,17,8,2,34,1,0,1,1,4,1.0,17.0,18.0
393,48,2.1026086009613705,92,12,15,16,38,1,0,1,1,1,1.0,8.0,7.0
600,40,2.70805020110221,127,12,8,3,28,0,0,1,0,2,2.0,9.0,12.0
962,50,2.9569914452375605,109,12,21,12,37,1,0,1,0,0,1.0,6.0,
962,40,3.1801349965517702,97,12,15,4,34,1,0,1,0,5,1.0,10.0,8.0
865,40,3.073850052817943,66,11,10,7,30,1,0,0,1,14,4.0,0.0,10.0
1154,50,3.138966441639899,109,16,10,3,35,1,0,1,1,2,1.0,16.0,14.0
1386,42,3.4965075614664802,109,16,10,11,34,1,0,1,0,1,1.0,4.0,14.0
732,40,2.9069010598473755,104,12,10,7,36,1,0,1,1,1,2.0,,
865,40,3.073850052817943,85,13,4,9,34,1,0,1,1,3,3.0,8.0,8.0
700,40,2.8622008809294686,81,12,13,13,31,1,0,1,0,5,6.0,8.0,4.0
975,40,3.193558016883911,87,9,20,10,37,1,0,1,0,3,,5.0,4.0
1300,40,3.481240089335692,78,13,12,3,33,1,0,1,1,2,3.0,12.0,12.0
900,40,3.1135153092103742,54,14,12,3,31,1,0,1,1,2,1.0,12.0,12.0
829,40,3.031340701021359,98,12,15,15,36,1,0,0,1,4,5.0,8.0,8.0
1000,40,3.2188758248682006,98,12,17,13,36,1,0,1,1,3,,12.0,
827,40,3.028925240909755,105,16,7,8,30,1,0,0,1,2,1.0,16.0,12.0
500,44,2.4304184645039304,87,13,5,2,31,1,0,1,1,7,,12.0,
1155,40,3.3629761688419575,117,13,9,1,28,1,0,0,1,3,2.0,12.0,12.0
950,55,2.8491287993621155,85,15,8,3,29,0,0,0,1,2,,12.0,12.0
700,40,2.8622008809294686,82,13,10,4,30,1,0,0,1,4,5.0,8.0,
1710,45,3.6375861597263857,114,18,7,6,32,1,0,0,1,1,1.0,12.0,
533,30,2.8773240425036892,65,12,5,1,32,0,1,0,1,5,1.0,11.0,12.0
2004,48,3.7316994512968646,105,18,10,0,34,1,0,0,1,2,1.0,12.0,12.0
890,60,2.6968769005040847,92,14,9,8,32,1,0,0,1,1,2.0,7.0,7.0
3078,30,4.630837932736669,107,13,11,4,29,1,0,0,1,2,2.0,12.0,12.0
1539,40,3.650008679724943,111,17,10,13,37,1,0,0,1,3,2.0,12.0,16.0
508,40,2.5416019934645457,73,12,1,1,31,1,1,0,1,1,,,
1354,40,3.521938999358284,119,17,13,9,35,0,0,0,0,2,1.0,16.0,16.0
1143,35,3.486063602305397,97,12,21,8,38,1,0,0,1,5,1.0,12.0,12.0
962,40,3.1801349965517702,110,12,16,8,33,1,0,0,1,2,1.0,10.0,10.0
1250,44,3.3467091963780855,96,12,19,20,38,1,0,0,1,2,1.0,12.0,12.0
990,40,3.2088254890146994,67,12,16,3,34,1,1,0,1,2,1.0,8.0,8.0
905,40,3.11905548958599,102,12,17,4,37,1,0,0,0,5,5.0,12.0,12.0
926,55,2.8235410494137083,64,12,18,0,38,1,0,0,1,4,5.0,0.0,2.0
1559,40,3.6629204149438404,103,12,17,10,34,1,0,0,1,3,4.0,8.0,8.0
1312,40,3.490428515390098,118,10,14,4,32,1,0,0,1,0,1.0,12.0,8.0
923,40,3.138749780388916,118,14,8,16,35,1,1,0,1,5,1.0,7.0,
879,40,3.089905443571241,118,18,1,9,31,1,0,0,1,1,2.0,13.0,13.0
800,25,3.4657359027997265,75,13,14,1,38,1,0,1,1,0,1.0,12.0,10.0
1049,50,3.043569602968151,112,14,6,10,32,1,0,0,0,3,3.0,12.0,10.0
550,40,2.6210388241125804,95,12,4,1,30,0,0,0,0,3,4.0,12.0,10.0
1190,40,3.392829131991639,119,17,4,2,34,1,0,0,1,0,1.0,12.0,14.0
583,48,2.4969861754426015,94,14,10,6,37,1,0,0,0,2,1.0,12.0,12.0
1200,40,3.4011973816621555,103,14,5,2,30,1,0,0,1,1,1.0,6.0,7.0
797,55,2.673521493557744,90,16,11,5,33,1,0,0,1,5,2.0,14.0,17.0
1371,40,3.534416225448378,128,18,8,13,36,1,0,0,0,1,2.0,16.0,12.0
360,55,1.8787708462176849,110,13,11,1,38,0,1,0,1,4,,12.0,8.0
1270,40,3.457892725338701,84,12,11,12,30,1,0,0,1,2,2.0,12.0,12.0
1832,40,3.824284091120139,97,12,16,1,36,1,0,0,1,1,2.0,8.0,12.0
909,40,3.1234656400635425,102,12,14,5,33,1,0,0,1,3,3.0,12.0,7.0
1746,40,3.776203282285611,131,18,9,10,33,1,0,0,1,7,3.0,12.0,12.0
520,40,2.5649493574615367,126,16,8,1,30,1,0,0,1,7,5.0,12.0,12.0
808,40,3.005682604407159,107,16,6,7,29,1,0,0,0,7,6.0,12.0,12.0
2137,45,3.8604957655488277,108,16,11,2,36,1,0,0,1,2,3.0,12.0,
692,50,2.6275629501895237,92,15,9,3,38,1,1,0,1,0,1.0,8.0,8.0
931,80,2.4542326426031855,108,16,4,1,36,1,0,0,1,4,2.0,12.0,12.0
812,45,2.8928378503913583,115,16,11,3,34,1,0,0,1,1,2.0,12.0,8.0
866,40,3.075005454448499,111,14,16,14,35,1,0,0,1,1,1.0,12.0,12.0
1442,40,3.584906863730958,115,12,14,9,36,1,0,0,1,7,5.0,12.0,12.0
500,40,2.5257286443082556,101,14,12,0,32,1,0,0,0,2,2.0,11.0,6.0
1384,50,3.3207101307494686,114,18,12,2,37,1,0,0,1,1,1.0,12.0,13.0
528,55,2.2617630984737906,116,18,5,9,30,1,0,0,1,4,5.0,12.0,12.0
881,40,3.092178171822243,90,12,4,14,36,1,0,0,0,2,3.0,12.0,
1026,45,3.126760535960395,125,12,11,11,28,1,0,0,1,3,1.0,14.0,17.0
1212,40,3.4111477125153233,98,12,11,12,28,0,0,0,1,4,,12.0,10.0
1620,38,3.752595268500044,111,15,8,5,29,1,0,0,0,1,2.0,10.0,
1843,48,3.6479489467619324,109,16,11,2,32,1,0,0,1,3,2.0,12.0,
1602,60,3.2846635654062037,124,16,12,2,37,1,0,0,1,1,2.0,12.0,12.0
1000,40,3.2188758248682006,121,13,6,1,33,1,0,0,1,2,2.0,8.0,14.0
737,48,2.7313868812814457,103,12,7,4,30,1,0,0,1,4,4.0,10.0,
1699,40,3.7489156675579958,96,12,10,1,29,0,0,1,1,2,3.0,12.0,12.0
1699,40,3.7489156675579958,100,12,11,9,33,1,0,0,1,1,2.0,12.0,8.0
1025,48,3.061246880664618,104,14,6,5,32,1,0,0,1,2,3.0,,12.0
1107,40,3.3205294785947004,112,12,12,5,38,1,0,0,1,5,3.0,11.0,12.0
625,40,2.7488721956224653,73,11,1,1,31,1,0,0,1,3,4.0,12.0,12.0
720,50,2.667228206581955,101,13,1,7,29,1,0,0,1,4,2.0,11.0,11.0
855,40,3.062222014822824,99,12,19,10,36,1,0,0,1,1,2.0,12.0,12.0
1250,40,3.4420193761824107,95,12,12,2,32,1,0,0,1,2,2.0,12.0,12.0
1130,40,3.34109345759245,109,18,4,13,38,1,0,0,0,1,2.0,18.0,15.0
900,40,3.1135153092103742,110,12,6,1,28,0,0,0,1,1,,13.0,13.0
1924,50,3.6501386257975055,98,17,6,7,38,1,0,0,1,1,1.0,4.0,
962,40,3.1801349965517702,112,15,8,2,37,1,0,0,1,2,1.0,12.0,16.0
1874,48,3.6646294518904763,64,11,22,3,38,1,1,0,1,7,,,
1573,55,3.353406717825807,90,12,5,3,30,1,0,0,1,4,3.0,11.0,8.0
940,45,3.0392173854937297,102,14,11,7,36,1,0,0,1,1,2.0,12.0,10.0
900,40,3.1135153092103742,119,16,8,9,30,1,0,0,0,1,2.0,12.0,12.0
882,44,2.9980024220885304,96,12,15,13,31,1,0,0,0,6,3.0,8.0,10.0
1710,45,3.6375861597263857,118,18,12,12,38,1,0,0,1,1,1.0,12.0,12.0
1260,45,3.332204510175204,79,12,19,15,37,1,0,0,0,3,2.0,9.0,8.0
751,40,2.932526197650198,96,12,9,7,38,1,0,0,0,1,1.0,10.0,8.0
1097,50,3.088311454847084,80,11,12,12,28,1,0,0,0,5,1.0,12.0,11.0
1001,48,3.0375537684073297,137,13,11,11,33,1,0,0,0,5,6.0,12.0,
1154,40,3.3621099929541085,116,15,11,12,34,0,0,0,0,2,1.0,12.0,9.0
1000,43,3.1465551632885744,69,12,15,16,35,1,0,0,1,4,4.0,12.0,8.0
1250,40,3.4420193761824107,78,12,16,3,33,1,0,0,1,9,,6.0,2.0
857,65,2.5790506487021427,99,12,18,3,38,1,0,1,1,2,1.0,8.0,8.0
1211,27,3.803364877548763,92,12,13,3,31,1,0,0,1,3,2.0,16.0,12.0
937,32,3.3769473794386955,113,16,12,7,29,1,0,0,1,3,,16.0,12.0
904,50,2.89480635496403,98,13,7,1,33,1,0,0,1,5,,12.0,
872,45,2.96412693413866,115,15,7,4,29,1,0,0,1,3,1.0,12.0,18.0
1200,40,3.4011973816621555,96,9,18,0,34,1,0,0,1,4,3.0,,8.0
1261,40,3.4507808818509833,117,17,1,9,35,1,0,0,1,4,1.0,6.0,8.0
950,40,3.1675825304806504,96,12,14,2,35,1,0,0,1,1,1.0,8.0,2.0
115,50,0.8329091229351039,108,12,9,3,29,1,0,0,1,5,6.0,10.0,11.0
673,40,2.8228658755307916,92,17,6,4,31,1,0,0,1,5,5.0,16.0,12.0
1084,45,3.1817506922292718,95,15,17,10,37,1,0,0,1,1,2.0,16.0,16.0
1058,40,3.2752561583043085,94,14,13,14,34,1,0,0,1,0,1.0,15.0,9.0
800,40,2.995732273553991,115,12,20,12,38,1,0,0,0,7,6.0,7.0,8.0
369,40,2.221917189926591,117,18,11,1,31,0,0,0,0,3,4.0,,
1924,40,3.8732821771117156,105,16,14,13,36,1,0,0,0,0,1.0,12.0,
855,40,3.062222014822824,109,12,17,15,36,1,0,0,0,3,1.0,7.0,6.0
864,40,3.0726933146901194,87,12,15,6,31,1,0,0,0,1,1.0,12.0,12.0
1092,44,3.211576522386589,110,16,15,13,36,1,0,0,1,4,4.0,13.0,13.0
1025,40,3.2435684374585723,110,16,9,4,30,1,0,0,0,3,,10.0,12.0
850,35,3.1898882879949486,109,12,11,2,31,1,0,0,0,2,2.0,17.0,
673,40,2.8228658755307916,85,12,17,10,35,1,0,0,0,2,2.0,12.0,12.0
800,40,2.995732273553991,105,14,12,12,37,1,0,0,0,3,2.0,10.0,12.0
1049,44,3.171402974478036,122,16,7,3,33,1,0,0,0,3,3.0,10.0,12.0
884,40,3.095577608523707,108,17,9,11,35,1,0,0,1,3,2.0,14.0,9.0
800,40,2.995732273553991,122,16,10,2,31,0,0,1,1,3,3.0,12.0,8.0
1200,40,3.4011973816621555,79,17,9,9,32,1,0,0,1,0,1.0,8.0,8.0
664,40,2.8094026953624978,105,12,8,10,29,1,0,0,1,7,6.0,12.0,12.0
1111,45,3.2063532998693103,90,12,18,18,37,1,0,0,1,6,3.0,,
850,43,2.9840362337907997,111,16,8,8,34,1,0,0,1,4,2.0,,
1000,40,3.2188758248682006,110,12,6,12,37,1,0,0,1,5,2.0,8.0,12.0
875,40,3.0853444322436783,92,12,8,4,29,0,0,0,1,4,,14.0,14.0
1202,40,3.4028626609812167,131,16,10,2,33,1,0,0,0,3,2.0,12.0,12.0
666,40,2.8124102164264526,104,12,10,2,29,1,0,0,0,2,3.0,12.0,12.0
923,40,3.138749780388916,110,16,15,11,37,1,0,0,0,2,1.0,12.0,7.0
788,40,2.9806186357439426,99,12,10,10,28,1,0,1,1,4,5.0,10.0,3.0
950,40,3.1675825304806504,86,10,23,5,38,1,0,1,1,9,9.0,,6.0
1442,40,3.584906863730958,105,12,9,16,37,1,0,1,1,3,4.0,,
866,40,3.075005454448499,85,12,11,12,30,1,1,1,0,8,5.0,6.0,0.0
625,40,2.7488721956224653,72,9,17,5,34,1,0,1,0,10,7.0,4.0,
680,40,2.833213344056216,86,12,13,9,32,0,0,1,0,6,1.0,6.0,7.0
693,40,2.852150545075967,68,12,11,19,35,1,0,1,0,5,2.0,12.0,8.0
875,36,3.1907049479015046,95,12,16,2,38,0,1,1,0,8,9.0,6.0,
2308,40,4.055257173514054,116,17,8,2,38,1,0,0,0,6,1.0,12.0,13.0
1196,45,3.280075444740257,96,14,10,4,32,1,0,1,0,2,3.0,10.0,6.0
700,38,2.913494175317019,85,12,13,8,32,1,1,1,1,6,,2.0,8.0
721,40,2.8917596831710126,100,12,8,8,29,1,0,1,1,3,2.0,12.0,4.0
1500,40,3.624340932976365,101,13,13,2,32,1,0,1,1,5,3.0,12.0,8.0
1050,50,3.044522437723423,97,15,4,9,31,1,1,1,1,2,1.0,16.0,9.0
801,48,2.8146599361604685,100,14,6,10,29,1,1,1,1,2,1.0,,
640,23,3.3259739604245677,96,12,7,3,31,0,1,1,1,5,,,
1198,32,3.622672875875668,117,16,7,9,30,1,0,1,1,1,2.0,12.0,12.0
390,55,1.9588135538912212,93,12,4,2,32,1,0,1,1,1,,16.0,13.0
889,36,3.2065782970577943,116,12,12,11,28,1,0,1,1,1,2.0,9.0,12.0
1076,38,3.3434195809953438,106,12,19,20,36,1,0,1,1,1,1.0,12.0,9.0
1127,40,3.33843505992584,98,12,17,12,36,1,0,1,1,1,2.0,14.0,12.0
750,50,2.70805020110221,103,15,1,1,37,1,0,1,0,1,1.0,12.0,9.0
855,40,3.062222014822824,118,14,6,14,33,1,0,1,0,3,1.0,,12.0
525,40,2.5745188084776873,100,13,5,1,31,1,0,1,0,1,1.0,10.0,12.0
1104,54,3.0177111802727663,96,12,11,4,29,1,0,1,0,1,2.0,10.0,12.0
553,40,2.6264785474083983,67,12,11,10,30,1,1,1,0,7,2.0,8.0,9.0
800,43,2.9234116119743647,96,12,10,1,29,1,0,1,0,1,1.0,10.0,10.0
1384,50,3.3207101307494686,104,13,8,7,31,1,0,1,0,3,1.0,13.0,14.0
425,30,2.6508917872622613,106,17,8,0,36,0,0,1,0,0,1.0,14.0,12.0
510,54,2.245426679154097,62,11,13,4,33,0,1,1,1,7,6.0,2.0,10.0
370,32,2.4477671028385437,73,12,13,2,31,1,1,1,0,9,2.0,3.0,4.0
596,40,2.7013612129514133,62,12,16,14,33,1,1,1,0,9,8.0,2.0,8.0
402,40,2.307572634505085,76,12,9,4,28,1,1,0,1,4,2.0,,10.0
418,40,2.34660197841082,76,12,12,2,31,1,1,1,0,0,1.0,9.0,10.0
1133,40,3.34374480691407,106,16,13,10,36,1,0,1,0,1,1.0,12.0,
681,40,2.834682852035576,94,12,18,15,35,0,0,1,1,4,,9.0,10.0
950,40,3.1675825304806504,81,11,16,5,35,1,0,1,0,3,4.0,10.0,6.0
600,40,2.70805020110221,87,10,20,7,36,1,0,1,0,0,1.0,5.0,6.0
661,40,2.80487438573775,96,13,8,6,29,0,0,1,0,3,2.0,,5.0
925,40,3.140914283398489,75,12,12,9,30,1,0,1,0,2,2.0,6.0,
550,40,2.6210388241125804,95,12,14,13,31,1,0,1,0,0,1.0,5.0,5.0
606,40,2.7180005319553784,86,11,13,11,30,1,0,1,0,4,4.0,3.0,7.0
425,40,2.3632097148104805,86,10,7,1,30,1,0,1,0,4,4.0,3.0,7.0
340,50,1.916922612182061,104,14,4,1,31,1,0,1,1,5,3.0,8.0,18.0
692,50,2.6275629501895237,95,12,16,9,34,1,0,1,1,2,2.0,7.0,5.0
575,40,2.665490586683414,116,12,11,9,29,1,0,1,0,1,2.0,8.0,12.0
571,40,2.658509755542074,66,9,15,10,33,1,0,1,0,5,1.0,8.0,6.0
817,40,3.0167596407460664,101,16,11,9,32,1,0,1,1,1,2.0,0.0,5.0
987,40,3.205790585319545,96,12,11,5,29,1,0,1,0,1,2.0,12.0,12.0
616,55,2.4159137783010487,104,12,16,18,35,1,0,1,1,4,5.0,9.0,
1026,60,2.8390784635086144,105,16,12,1,35,1,0,0,1,3,1.0,14.0,10.0
808,40,3.005682604407159,106,12,4,3,29,1,0,0,1,1,2.0,8.0,7.0
808,50,2.7825390530929495,101,17,8,0,30,1,0,1,1,1,2.0,15.0,15.0
788,40,2.9806186357439426,96,12,13,5,36,1,0,1,1,4,1.0,12.0,12.0
850,40,3.056356895370426,105,12,6,2,33,1,0,0,1,1,1.0,12.0,9.0
900,38,3.1648086035979253,106,12,10,19,38,1,0,1,1,7,,3.0,2.0
1418,45,3.4503402173217532,102,12,19,20,36,1,0,1,1,2,3.0,8.0,8.0
260,40,1.8718021769015913,75,12,21,0,37,1,1,1,0,3,3.0,,
662,45,2.688603066166688,99,14,7,2,28,1,1,1,0,6,1.0,5.0,5.0
562,55,2.32416866466122,90,13,4,1,38,1,0,1,0,1,1.0,12.0,11.0
562,80,1.9494752152198096,104,12,11,5,28,1,0,1,0,1,,12.0,12.0
357,70,1.62924053973028,115,13,5,2,30,1,0,1,1,6,7.0,,
1009,40,3.2278355662396727,118,16,11,12,32,1,0,1,0,0,1.0,12.0,10.0
1442,40,3.584906863730958,108,12,17,17,36,1,0,1,1,1,1.0,9.0,12.0
651,40,2.789630188094633,76,11,11,2,29,1,1,0,1,7,7.0,10.0,11.0
750,40,2.9311937524164198,50,12,14,5,32,1,1,1,0,10,,3.0,
754,40,2.93651291389402,55,12,13,14,33,1,1,1,0,2,1.0,10.0,
700,40,2.8622008809294686,73,12,17,9,38,1,1,1,0,8,3.0,,
503,40,2.531710715985803,84,11,11,2,30,0,1,0,1,3,,9.0,9.0
937,40,3.153803828124486,104,12,14,15,32,1,0,1,0,1,2.0,12.0,9.0
624,40,2.747270914255491,92,10,18,10,36,1,0,1,0,2,3.0,10.0,6.0
750,40,2.9311937524164198,83,12,4,10,32,1,1,1,0,7,1.0,10.0,6.0
900,40,3.1135153092103742,98,14,1,8,30,1,1,1,0,7,2.0,10.0,6.0
540,40,2.6026896854443837,70,10,12,10,29,1,1,1,0,9,,10.0,7.0
642,35,2.909240242200547,87,13,9,3,30,1,0,1,0,10,10.0,4.0,10.0
400,50,2.0794415416798357,96,15,6,10,28,0,0,1,0,5,,12.0,
900,40,3.1135153092103742,80,10,15,14,38,1,0,1,0,3,3.0,12.0,10.0
513,40,2.551396391056833,104,16,8,10,33,1,0,1,0,5,2.0,12.0,10.0
894,40,3.106826321059578,104,18,7,10,35,1,0,1,0,7,8.0,9.0,8.0
1282,60,3.061832075258515,96,18,7,5,32,1,0,1,1,4,2.0,12.0,18.0
485,40,2.495269436823547,89,12,10,9,30,0,0,1,0,4,3.0,12.0,18.0
325,55,1.7764919970972666,113,12,11,5,29,1,0,1,0,1,2.0,10.0,13.0
769,45,2.8384284797353243,105,12,16,5,33,1,0,1,0,4,1.0,7.0,7.0
618,40,2.7376090033437546,84,14,6,8,31,0,0,1,1,7,8.0,7.0,4.0
1040,48,3.0757749812275277,108,12,16,17,35,1,0,1,1,6,7.0,7.0,3.0
751,40,2.932526197650198,104,12,15,4,34,1,0,1,1,4,3.0,8.0,3.0
380,50,2.028148247292285,106,12,15,11,30,1,0,1,0,2,1.0,7.0,7.0
300,24,2.5257286443082556,83,12,16,3,37,1,1,1,1,4,1.0,3.0,
753,46,2.7954238313107984,70,10,21,7,38,1,0,1,1,4,2.0,12.0,7.0
1065,65,2.7963428082478883,104,16,10,11,34,1,0,1,1,2,3.0,11.0,12.0
1070,40,3.2865344733420154,91,12,13,1,30,1,0,0,1,1,2.0,14.0,12.0
1573,55,3.353406717825807,112,18,7,8,34,1,0,1,1,1,1.0,14.0,18.0
650,40,2.7880929087757464,97,10,14,9,30,1,0,1,0,5,1.0,12.0,9.0
700,45,2.7444178452730847,99,12,15,7,32,1,0,1,0,4,2.0,10.0,10.0
494,40,2.513656063073986,74,12,16,4,34,1,1,1,0,5,,,
890,48,2.920020451818295,100,12,4,8,31,1,0,1,0,0,1.0,,
520,40,2.5649493574615367,86,10,15,12,31,1,0,1,0,0,1.0,6.0,
891,40,3.103464973356873,90,12,16,16,32,1,0,1,0,5,5.0,12.0,9.0
570,50,2.4336133554004498,101,12,11,12,30,1,0,0,1,2,3.0,12.0,
1444,40,3.586292865338835,109,15,11,1,29,1,0,1,1,2,1.0,11.0,9.0
481,48,2.3046662591978704,98,12,14,2,31,0,1,0,1,4,3.0,,
500,44,2.4304184645039304,107,12,21,12,38,1,0,1,0,2,,12.0,7.0
1473,40,3.606176962348694,110,16,15,15,36,1,0,1,0,1,2.0,12.0,14.0
803,40,2.9994752598328254,120,13,4,1,28,1,0,1,1,3,4.0,10.0,12.0
962,50,2.9569914452375605,97,16,7,2,30,1,0,1,1,0,1.0,12.0,12.0
1000,44,3.123565645063876,103,12,9,5,29,1,0,1,1,0,1.0,11.0,
600,40,2.70805020110221,114,16,5,4,30,1,0,1,1,2,1.0,12.0,12.0
450,40,2.4203681286504293,95,11,12,2,30,1,0,1,0,2,3.0,8.0,8.0
629,60,2.3497866944783397,93,12,6,1,30,1,1,1,0,8,3.0,10.0,6.0
492,60,2.1041341542702074,67,12,15,2,34,1,1,1,0,3,,8.0,
1562,40,3.664842876285695,97,17,7,2,32,1,0,1,1,5,1.0,12.0,13.0
357,70,1.62924053973028,97,14,6,3,28,1,0,1,0,1,2.0,13.0,16.0
960,40,3.1780538303479458,83,13,14,13,32,1,0,1,1,4,,10.0,
566,45,2.531931588432863,104,16,5,2,32,1,0,1,0,1,2.0,12.0,12.0
481,40,2.486987815991825,82,12,9,2,32,1,0,1,0,2,2.0,12.0,8.0
1442,40,3.584906863730958,113,16,8,10,35,1,0,1,1,2,2.0,8.0,8.0
645,45,2.662587827025453,93,12,11,3,35,1,0,1,0,7,7.0,7.0,8.0
788,40,2.9806186357439426,100,11,15,6,32,1,1,1,0,5,,9.0,
644,42,2.7300291078209855,101,12,11,5,33,1,0,1,0,4,3.0,12.0,
477,45,2.3608540011180215,100,12,9,3,31,1,0,1,0,3,3.0,7.0,7.0
664,60,2.403937587254333,82,16,10,9,34,1,1,1,1,3,4.0,16.0,16.0
520,40,2.5649493574615367,79,16,6,1,30,1,1,1,0,0,1.0,11.0,
1202,40,3.4028626609812167,102,13,10,3,31,1,0,1,1,7,7.0,8.0,6.0
538,45,2.481196070391465,77,12,12,10,28,1,1,1,0,9,,7.0,
873,44,2.987745921921341,109,12,12,12,28,1,0,1,0,1,1.0,,11.0
1000,40,3.2188758248682006,107,12,17,18,35,1,0,1,0,5,1.0,,
